owner,table_name,full_name
APEX_180200,APEX$ARCHIVE_CONTENTS,APEX_180200.APEX$ARCHIVE_CONTENTS
APEX_180200,APEX$ARCHIVE_HEADER,APEX_180200.APEX$ARCHIVE_HEADER
APEX_180200,APEX$ARCHIVE_HISTORY,APEX_180200.APEX$ARCHIVE_HISTORY
APEX_180200,APEX$ARCHIVE_LOG,APEX_180200.APEX$ARCHIVE_LOG
APEX_180200,APEX$ARCHIVE_PREF,APEX_180200.APEX$ARCHIVE_PREF
APEX_180200,APEX$_ACL,APEX_180200.APEX$_ACL
APEX_180200,APEX$_WS_FILES,APEX_180200.APEX$_WS_FILES
APEX_180200,APEX$_WS_HISTORY,APEX_180200.APEX$_WS_HISTORY
APEX_180200,APEX$_WS_LINKS,APEX_180200.APEX$_WS_LINKS
APEX_180200,APEX$_WS_NOTES,APEX_180200.APEX$_WS_NOTES
APEX_180200,APEX$_WS_ROWS,APEX_180200.APEX$_WS_ROWS
APEX_180200,APEX$_WS_TAGS,APEX_180200.APEX$_WS_TAGS
APEX_180200,APEX$_WS_WEBPG_SECTIONS,APEX_180200.APEX$_WS_WEBPG_SECTIONS
APEX_180200,APEX$_WS_WEBPG_SECTION_HISTORY,APEX_180200.APEX$_WS_WEBPG_SECTION_HISTORY
APEX_180200,WWV_COLUMN_EXCEPTIONS,APEX_180200.WWV_COLUMN_EXCEPTIONS
APEX_180200,WWV_CREDENTIALS,APEX_180200.WWV_CREDENTIALS
APEX_180200,WWV_CREDENTIAL_INSTANCES,APEX_180200.WWV_CREDENTIAL_INSTANCES
APEX_180200,WWV_FLOWS,APEX_180200.WWV_FLOWS
APEX_180200,WWV_FLOWS_RESERVED,APEX_180200.WWV_FLOWS_RESERVED
APEX_180200,WWV_FLOW_ACL_GROUP_USERS,APEX_180200.WWV_FLOW_ACL_GROUP_USERS
APEX_180200,WWV_FLOW_ACTIVITY_LOG1$,APEX_180200.WWV_FLOW_ACTIVITY_LOG1$
APEX_180200,WWV_FLOW_ACTIVITY_LOG2$,APEX_180200.WWV_FLOW_ACTIVITY_LOG2$
APEX_180200,WWV_FLOW_ADVISOR_CATEGORIES,APEX_180200.WWV_FLOW_ADVISOR_CATEGORIES
APEX_180200,WWV_FLOW_ADVISOR_CHECKS,APEX_180200.WWV_FLOW_ADVISOR_CHECKS
APEX_180200,WWV_FLOW_ADVISOR_CHECK_MSGS,APEX_180200.WWV_FLOW_ADVISOR_CHECK_MSGS
APEX_180200,WWV_FLOW_APPLICATION_GROUPS,APEX_180200.WWV_FLOW_APPLICATION_GROUPS
APEX_180200,WWV_FLOW_APP_BUILD_PREF,APEX_180200.WWV_FLOW_APP_BUILD_PREF
APEX_180200,WWV_FLOW_APP_COMMENTS,APEX_180200.WWV_FLOW_APP_COMMENTS
APEX_180200,WWV_FLOW_APP_SETTINGS,APEX_180200.WWV_FLOW_APP_SETTINGS
APEX_180200,WWV_FLOW_AUTHENTICATIONS,APEX_180200.WWV_FLOW_AUTHENTICATIONS
APEX_180200,WWV_FLOW_AUTHORIZED_URLS,APEX_180200.WWV_FLOW_AUTHORIZED_URLS
APEX_180200,WWV_FLOW_AUTO_FILE_DELETE_LOG,APEX_180200.WWV_FLOW_AUTO_FILE_DELETE_LOG
APEX_180200,WWV_FLOW_BANNER,APEX_180200.WWV_FLOW_BANNER
APEX_180200,WWV_FLOW_BLUEPRINT_REPO,APEX_180200.WWV_FLOW_BLUEPRINT_REPO
APEX_180200,WWV_FLOW_BUGS,APEX_180200.WWV_FLOW_BUGS
APEX_180200,WWV_FLOW_BUILDER_AUDIT_TRAIL,APEX_180200.WWV_FLOW_BUILDER_AUDIT_TRAIL
APEX_180200,WWV_FLOW_BUILDER_FEATURES,APEX_180200.WWV_FLOW_BUILDER_FEATURES
APEX_180200,WWV_FLOW_BUTTON_TEMPLATES,APEX_180200.WWV_FLOW_BUTTON_TEMPLATES
APEX_180200,WWV_FLOW_CALS,APEX_180200.WWV_FLOW_CALS
APEX_180200,WWV_FLOW_CAL_TEMPLATES,APEX_180200.WWV_FLOW_CAL_TEMPLATES
APEX_180200,WWV_FLOW_CHARSETS,APEX_180200.WWV_FLOW_CHARSETS
APEX_180200,WWV_FLOW_CLICKTHRU_LOG$,APEX_180200.WWV_FLOW_CLICKTHRU_LOG$
APEX_180200,WWV_FLOW_CLICKTHRU_LOG2$,APEX_180200.WWV_FLOW_CLICKTHRU_LOG2$
APEX_180200,WWV_FLOW_COLLECTIONS$,APEX_180200.WWV_FLOW_COLLECTIONS$
APEX_180200,WWV_FLOW_COLLECTION_MEMBERS$,APEX_180200.WWV_FLOW_COLLECTION_MEMBERS$
APEX_180200,WWV_FLOW_COMBINED_FILES,APEX_180200.WWV_FLOW_COMBINED_FILES
APEX_180200,WWV_FLOW_COMPANIES,APEX_180200.WWV_FLOW_COMPANIES
APEX_180200,WWV_FLOW_COMPANY_SCHEMAS,APEX_180200.WWV_FLOW_COMPANY_SCHEMAS
APEX_180200,WWV_FLOW_COMPANY_STATIC_FILES,APEX_180200.WWV_FLOW_COMPANY_STATIC_FILES
APEX_180200,WWV_FLOW_COMPUTATIONS,APEX_180200.WWV_FLOW_COMPUTATIONS
APEX_180200,WWV_FLOW_CONS_SYNC$,APEX_180200.WWV_FLOW_CONS_SYNC$
APEX_180200,WWV_FLOW_CONTENT_CACHE1$,APEX_180200.WWV_FLOW_CONTENT_CACHE1$
APEX_180200,WWV_FLOW_CUSTOMIZED_TASKS,APEX_180200.WWV_FLOW_CUSTOMIZED_TASKS
APEX_180200,WWV_FLOW_CUSTOM_AUTH_SETUPS,APEX_180200.WWV_FLOW_CUSTOM_AUTH_SETUPS
APEX_180200,WWV_FLOW_DATA,APEX_180200.WWV_FLOW_DATA
APEX_180200,WWV_FLOW_DATA_LOAD_BAD_LOG,APEX_180200.WWV_FLOW_DATA_LOAD_BAD_LOG
APEX_180200,WWV_FLOW_DATA_LOAD_UNLOAD,APEX_180200.WWV_FLOW_DATA_LOAD_UNLOAD
APEX_180200,WWV_FLOW_DATA_PROFILES,APEX_180200.WWV_FLOW_DATA_PROFILES
APEX_180200,WWV_FLOW_DATA_PROFILE_COLS,APEX_180200.WWV_FLOW_DATA_PROFILE_COLS
APEX_180200,WWV_FLOW_DEBUG_MESSAGES,APEX_180200.WWV_FLOW_DEBUG_MESSAGES
APEX_180200,WWV_FLOW_DEBUG_MESSAGES2,APEX_180200.WWV_FLOW_DEBUG_MESSAGES2
APEX_180200,WWV_FLOW_DEVELOPERS,APEX_180200.WWV_FLOW_DEVELOPERS
APEX_180200,WWV_FLOW_DICTIONARY_VIEWS,APEX_180200.WWV_FLOW_DICTIONARY_VIEWS
APEX_180200,WWV_FLOW_DYNAMIC_TRANSLATIONS$,APEX_180200.WWV_FLOW_DYNAMIC_TRANSLATIONS$
APEX_180200,WWV_FLOW_EMAIL_TEMPLATES,APEX_180200.WWV_FLOW_EMAIL_TEMPLATES
APEX_180200,WWV_FLOW_EVENTS,APEX_180200.WWV_FLOW_EVENTS
APEX_180200,WWV_FLOW_FEATURES,APEX_180200.WWV_FLOW_FEATURES
APEX_180200,WWV_FLOW_FEATURE_HISTORY,APEX_180200.WWV_FLOW_FEATURE_HISTORY
APEX_180200,WWV_FLOW_FEATURE_MAP,APEX_180200.WWV_FLOW_FEATURE_MAP
APEX_180200,WWV_FLOW_FEATURE_PROGRESS,APEX_180200.WWV_FLOW_FEATURE_PROGRESS
APEX_180200,WWV_FLOW_FEATURE_SUBSCRIPTIONS,APEX_180200.WWV_FLOW_FEATURE_SUBSCRIPTIONS
APEX_180200,WWV_FLOW_FEATURE_TYPES,APEX_180200.WWV_FLOW_FEATURE_TYPES
APEX_180200,WWV_FLOW_FEEDBACK,APEX_180200.WWV_FLOW_FEEDBACK
APEX_180200,WWV_FLOW_FEEDBACK_FOLLOWUP,APEX_180200.WWV_FLOW_FEEDBACK_FOLLOWUP
APEX_180200,WWV_FLOW_FIELD_TEMPLATES,APEX_180200.WWV_FLOW_FIELD_TEMPLATES
APEX_180200,WWV_FLOW_FLASH_CHART5_SERIES,APEX_180200.WWV_FLOW_FLASH_CHART5_SERIES
APEX_180200,WWV_FLOW_FLASH_CHARTS,APEX_180200.WWV_FLOW_FLASH_CHARTS
APEX_180200,WWV_FLOW_FLASH_CHARTS_5,APEX_180200.WWV_FLOW_FLASH_CHARTS_5
APEX_180200,WWV_FLOW_FLASH_CHART_SERIES,APEX_180200.WWV_FLOW_FLASH_CHART_SERIES
APEX_180200,WWV_FLOW_FLASH_MAP_FILES,APEX_180200.WWV_FLOW_FLASH_MAP_FILES
APEX_180200,WWV_FLOW_FLASH_MAP_FOLDERS,APEX_180200.WWV_FLOW_FLASH_MAP_FOLDERS
APEX_180200,WWV_FLOW_FLASH_MAP_REGIONS,APEX_180200.WWV_FLOW_FLASH_MAP_REGIONS
APEX_180200,WWV_FLOW_FND_GROUP_GROUPS,APEX_180200.WWV_FLOW_FND_GROUP_GROUPS
APEX_180200,WWV_FLOW_FND_GROUP_USERS,APEX_180200.WWV_FLOW_FND_GROUP_USERS
APEX_180200,WWV_FLOW_FND_USER,APEX_180200.WWV_FLOW_FND_USER
APEX_180200,WWV_FLOW_FND_USER_GROUPS,APEX_180200.WWV_FLOW_FND_USER_GROUPS
APEX_180200,WWV_FLOW_HNT_COLUMN_DICT,APEX_180200.WWV_FLOW_HNT_COLUMN_DICT
APEX_180200,WWV_FLOW_HNT_COLUMN_INFO,APEX_180200.WWV_FLOW_HNT_COLUMN_INFO
APEX_180200,WWV_FLOW_HNT_COL_DICT_SYN,APEX_180200.WWV_FLOW_HNT_COL_DICT_SYN
APEX_180200,WWV_FLOW_HNT_GROUPS,APEX_180200.WWV_FLOW_HNT_GROUPS
APEX_180200,WWV_FLOW_HNT_LOV_DATA,APEX_180200.WWV_FLOW_HNT_LOV_DATA
APEX_180200,WWV_FLOW_HNT_TABLE_INFO,APEX_180200.WWV_FLOW_HNT_TABLE_INFO
APEX_180200,WWV_FLOW_ICON_BAR,APEX_180200.WWV_FLOW_ICON_BAR
APEX_180200,WWV_FLOW_IG_REPORTS,APEX_180200.WWV_FLOW_IG_REPORTS
APEX_180200,WWV_FLOW_IG_REPORT_AGGREGATES,APEX_180200.WWV_FLOW_IG_REPORT_AGGREGATES
APEX_180200,WWV_FLOW_IG_REPORT_CHART_COLS,APEX_180200.WWV_FLOW_IG_REPORT_CHART_COLS
APEX_180200,WWV_FLOW_IG_REPORT_COLUMNS,APEX_180200.WWV_FLOW_IG_REPORT_COLUMNS
APEX_180200,WWV_FLOW_IG_REPORT_COMPUTES,APEX_180200.WWV_FLOW_IG_REPORT_COMPUTES
APEX_180200,WWV_FLOW_IG_REPORT_FILTERS,APEX_180200.WWV_FLOW_IG_REPORT_FILTERS
APEX_180200,WWV_FLOW_IG_REPORT_HIGHLIGHTS,APEX_180200.WWV_FLOW_IG_REPORT_HIGHLIGHTS
APEX_180200,WWV_FLOW_IG_REPORT_VIEWS,APEX_180200.WWV_FLOW_IG_REPORT_VIEWS
APEX_180200,WWV_FLOW_INSTALL,APEX_180200.WWV_FLOW_INSTALL
APEX_180200,WWV_FLOW_INSTALL_BUILD_OPT,APEX_180200.WWV_FLOW_INSTALL_BUILD_OPT
APEX_180200,WWV_FLOW_INSTALL_CHECKS,APEX_180200.WWV_FLOW_INSTALL_CHECKS
APEX_180200,WWV_FLOW_INSTALL_OBJECTS,APEX_180200.WWV_FLOW_INSTALL_OBJECTS
APEX_180200,WWV_FLOW_INSTALL_SCRIPTS,APEX_180200.WWV_FLOW_INSTALL_SCRIPTS
APEX_180200,WWV_FLOW_INTERACTIVE_GRIDS,APEX_180200.WWV_FLOW_INTERACTIVE_GRIDS
APEX_180200,WWV_FLOW_ITEMS,APEX_180200.WWV_FLOW_ITEMS
APEX_180200,WWV_FLOW_JET_CHARTS,APEX_180200.WWV_FLOW_JET_CHARTS
APEX_180200,WWV_FLOW_JET_CHART_AXES,APEX_180200.WWV_FLOW_JET_CHART_AXES
APEX_180200,WWV_FLOW_JET_CHART_SERIES,APEX_180200.WWV_FLOW_JET_CHART_SERIES
APEX_180200,WWV_FLOW_LANGUAGES,APEX_180200.WWV_FLOW_LANGUAGES
APEX_180200,WWV_FLOW_LANGUAGE_MAP,APEX_180200.WWV_FLOW_LANGUAGE_MAP
APEX_180200,WWV_FLOW_LINKS,APEX_180200.WWV_FLOW_LINKS
APEX_180200,WWV_FLOW_LISTS,APEX_180200.WWV_FLOW_LISTS
APEX_180200,WWV_FLOW_LISTS_OF_VALUES$,APEX_180200.WWV_FLOW_LISTS_OF_VALUES$
APEX_180200,WWV_FLOW_LIST_ITEMS,APEX_180200.WWV_FLOW_LIST_ITEMS
APEX_180200,WWV_FLOW_LIST_OF_VALUES_DATA,APEX_180200.WWV_FLOW_LIST_OF_VALUES_DATA
APEX_180200,WWV_FLOW_LIST_TEMPLATES,APEX_180200.WWV_FLOW_LIST_TEMPLATES
APEX_180200,WWV_FLOW_LOAD_TABLES,APEX_180200.WWV_FLOW_LOAD_TABLES
APEX_180200,WWV_FLOW_LOAD_TABLE_LOOKUPS,APEX_180200.WWV_FLOW_LOAD_TABLE_LOOKUPS
APEX_180200,WWV_FLOW_LOAD_TABLE_RULES,APEX_180200.WWV_FLOW_LOAD_TABLE_RULES
APEX_180200,WWV_FLOW_LOCK_PAGE,APEX_180200.WWV_FLOW_LOCK_PAGE
APEX_180200,WWV_FLOW_LOCK_PAGE_LOG,APEX_180200.WWV_FLOW_LOCK_PAGE_LOG
APEX_180200,WWV_FLOW_LOCK_SCRIPT,APEX_180200.WWV_FLOW_LOCK_SCRIPT
APEX_180200,WWV_FLOW_LOCK_SCRIPT_LOG,APEX_180200.WWV_FLOW_LOCK_SCRIPT_LOG
APEX_180200,WWV_FLOW_LOG_HISTORY,APEX_180200.WWV_FLOW_LOG_HISTORY
APEX_180200,WWV_FLOW_LOG_NUMBERS,APEX_180200.WWV_FLOW_LOG_NUMBERS
APEX_180200,WWV_FLOW_MAIL_ATTACHMENTS,APEX_180200.WWV_FLOW_MAIL_ATTACHMENTS
APEX_180200,WWV_FLOW_MAIL_LOG,APEX_180200.WWV_FLOW_MAIL_LOG
APEX_180200,WWV_FLOW_MAIL_QUEUE,APEX_180200.WWV_FLOW_MAIL_QUEUE
APEX_180200,WWV_FLOW_MENUS,APEX_180200.WWV_FLOW_MENUS
APEX_180200,WWV_FLOW_MENU_OPTIONS,APEX_180200.WWV_FLOW_MENU_OPTIONS
APEX_180200,WWV_FLOW_MENU_TEMPLATES,APEX_180200.WWV_FLOW_MENU_TEMPLATES
APEX_180200,WWV_FLOW_MESSAGES$,APEX_180200.WWV_FLOW_MESSAGES$
APEX_180200,WWV_FLOW_MODELS,APEX_180200.WWV_FLOW_MODELS
APEX_180200,WWV_FLOW_MODEL_PAGES,APEX_180200.WWV_FLOW_MODEL_PAGES
APEX_180200,WWV_FLOW_MODEL_PAGE_COLS,APEX_180200.WWV_FLOW_MODEL_PAGE_COLS
APEX_180200,WWV_FLOW_MODEL_PAGE_REGIONS,APEX_180200.WWV_FLOW_MODEL_PAGE_REGIONS
APEX_180200,WWV_FLOW_NEWS,APEX_180200.WWV_FLOW_NEWS
APEX_180200,WWV_FLOW_PAGES_RESERVED,APEX_180200.WWV_FLOW_PAGES_RESERVED
APEX_180200,WWV_FLOW_PAGE_CACHE,APEX_180200.WWV_FLOW_PAGE_CACHE
APEX_180200,WWV_FLOW_PAGE_CODE_CACHE,APEX_180200.WWV_FLOW_PAGE_CODE_CACHE
APEX_180200,WWV_FLOW_PAGE_DA_ACTIONS,APEX_180200.WWV_FLOW_PAGE_DA_ACTIONS
APEX_180200,WWV_FLOW_PAGE_DA_EVENTS,APEX_180200.WWV_FLOW_PAGE_DA_EVENTS
APEX_180200,WWV_FLOW_PAGE_GENERIC_ATTR,APEX_180200.WWV_FLOW_PAGE_GENERIC_ATTR
APEX_180200,WWV_FLOW_PAGE_GROUPS,APEX_180200.WWV_FLOW_PAGE_GROUPS
APEX_180200,WWV_FLOW_PAGE_PLUGS,APEX_180200.WWV_FLOW_PAGE_PLUGS
APEX_180200,WWV_FLOW_PAGE_PLUG_TEMPLATES,APEX_180200.WWV_FLOW_PAGE_PLUG_TEMPLATES
APEX_180200,WWV_FLOW_PAGE_SUBMISSIONS,APEX_180200.WWV_FLOW_PAGE_SUBMISSIONS
APEX_180200,WWV_FLOW_PAGE_TMPL_DISP_POINTS,APEX_180200.WWV_FLOW_PAGE_TMPL_DISP_POINTS
APEX_180200,WWV_FLOW_PASSWORD_HISTORY,APEX_180200.WWV_FLOW_PASSWORD_HISTORY
APEX_180200,WWV_FLOW_PATCHES,APEX_180200.WWV_FLOW_PATCHES
APEX_180200,WWV_FLOW_PKG_APPLICATIONS,APEX_180200.WWV_FLOW_PKG_APPLICATIONS
APEX_180200,WWV_FLOW_PKG_APP_CATEGORIES,APEX_180200.WWV_FLOW_PKG_APP_CATEGORIES
APEX_180200,WWV_FLOW_PKG_APP_FILES,APEX_180200.WWV_FLOW_PKG_APP_FILES
APEX_180200,WWV_FLOW_PKG_APP_IMAGES,APEX_180200.WWV_FLOW_PKG_APP_IMAGES
APEX_180200,WWV_FLOW_PKG_APP_INSTALL_LOG,APEX_180200.WWV_FLOW_PKG_APP_INSTALL_LOG
APEX_180200,WWV_FLOW_PKG_APP_MAP,APEX_180200.WWV_FLOW_PKG_APP_MAP
APEX_180200,WWV_FLOW_PKG_APP_STMTS,APEX_180200.WWV_FLOW_PKG_APP_STMTS
APEX_180200,WWV_FLOW_PLATFORM_PREFS,APEX_180200.WWV_FLOW_PLATFORM_PREFS
APEX_180200,WWV_FLOW_PLUGINS,APEX_180200.WWV_FLOW_PLUGINS
APEX_180200,WWV_FLOW_PLUGIN_ATTRIBUTES,APEX_180200.WWV_FLOW_PLUGIN_ATTRIBUTES
APEX_180200,WWV_FLOW_PLUGIN_ATTR_VALUES,APEX_180200.WWV_FLOW_PLUGIN_ATTR_VALUES
APEX_180200,WWV_FLOW_PLUGIN_EVENTS,APEX_180200.WWV_FLOW_PLUGIN_EVENTS
APEX_180200,WWV_FLOW_PLUGIN_FILES,APEX_180200.WWV_FLOW_PLUGIN_FILES
APEX_180200,WWV_FLOW_PLUGIN_ITEM_FILTERS,APEX_180200.WWV_FLOW_PLUGIN_ITEM_FILTERS
APEX_180200,WWV_FLOW_PLUGIN_SETTINGS,APEX_180200.WWV_FLOW_PLUGIN_SETTINGS
APEX_180200,WWV_FLOW_PLUGIN_STD_ATTRIBUTES,APEX_180200.WWV_FLOW_PLUGIN_STD_ATTRIBUTES
APEX_180200,WWV_FLOW_PLUG_TMPL_DISP_POINTS,APEX_180200.WWV_FLOW_PLUG_TMPL_DISP_POINTS
APEX_180200,WWV_FLOW_POPUP_LOV_TEMPLATE,APEX_180200.WWV_FLOW_POPUP_LOV_TEMPLATE
APEX_180200,WWV_FLOW_PREFERENCES$,APEX_180200.WWV_FLOW_PREFERENCES$
APEX_180200,WWV_FLOW_PROCESSING,APEX_180200.WWV_FLOW_PROCESSING
APEX_180200,WWV_FLOW_PROVISION_COMPANY,APEX_180200.WWV_FLOW_PROVISION_COMPANY
APEX_180200,WWV_FLOW_PROVISION_SERICE_MOD,APEX_180200.WWV_FLOW_PROVISION_SERICE_MOD
APEX_180200,WWV_FLOW_PROV_SIGNUP_Q,APEX_180200.WWV_FLOW_PROV_SIGNUP_Q
APEX_180200,WWV_FLOW_QB_SAVED_COND,APEX_180200.WWV_FLOW_QB_SAVED_COND
APEX_180200,WWV_FLOW_QB_SAVED_JOIN,APEX_180200.WWV_FLOW_QB_SAVED_JOIN
APEX_180200,WWV_FLOW_QB_SAVED_QUERY,APEX_180200.WWV_FLOW_QB_SAVED_QUERY
APEX_180200,WWV_FLOW_QB_SAVED_TABS,APEX_180200.WWV_FLOW_QB_SAVED_TABS
APEX_180200,WWV_FLOW_RANDOM_IMAGES,APEX_180200.WWV_FLOW_RANDOM_IMAGES
APEX_180200,WWV_FLOW_REGION_CHART_SER_ATTR,APEX_180200.WWV_FLOW_REGION_CHART_SER_ATTR
APEX_180200,WWV_FLOW_REGION_COLUMNS,APEX_180200.WWV_FLOW_REGION_COLUMNS
APEX_180200,WWV_FLOW_REGION_COLUMN_GROUPS,APEX_180200.WWV_FLOW_REGION_COLUMN_GROUPS
APEX_180200,WWV_FLOW_REGION_REPORT_COLUMN,APEX_180200.WWV_FLOW_REGION_REPORT_COLUMN
APEX_180200,WWV_FLOW_REGION_UPD_RPT_COLS,APEX_180200.WWV_FLOW_REGION_UPD_RPT_COLS
APEX_180200,WWV_FLOW_REPORT_LAYOUTS,APEX_180200.WWV_FLOW_REPORT_LAYOUTS
APEX_180200,WWV_FLOW_REQUEST_VERIFICATIONS,APEX_180200.WWV_FLOW_REQUEST_VERIFICATIONS
APEX_180200,WWV_FLOW_RESTRICTED_SCHEMAS,APEX_180200.WWV_FLOW_RESTRICTED_SCHEMAS
APEX_180200,WWV_FLOW_ROW_TEMPLATES,APEX_180200.WWV_FLOW_ROW_TEMPLATES
APEX_180200,WWV_FLOW_RSCHEMA_EXCEPTIONS,APEX_180200.WWV_FLOW_RSCHEMA_EXCEPTIONS
APEX_180200,WWV_FLOW_RT$APPROVALS,APEX_180200.WWV_FLOW_RT$APPROVALS
APEX_180200,WWV_FLOW_RT$APPROVAL_PRIVS,APEX_180200.WWV_FLOW_RT$APPROVAL_PRIVS
APEX_180200,WWV_FLOW_RT$CLIENTS,APEX_180200.WWV_FLOW_RT$CLIENTS
APEX_180200,WWV_FLOW_RT$CLIENT_PRIVILEGES,APEX_180200.WWV_FLOW_RT$CLIENT_PRIVILEGES
APEX_180200,WWV_FLOW_RT$ERRORS,APEX_180200.WWV_FLOW_RT$ERRORS
APEX_180200,WWV_FLOW_RT$HANDLERS,APEX_180200.WWV_FLOW_RT$HANDLERS
APEX_180200,WWV_FLOW_RT$MODULES,APEX_180200.WWV_FLOW_RT$MODULES
APEX_180200,WWV_FLOW_RT$PARAMETERS,APEX_180200.WWV_FLOW_RT$PARAMETERS
APEX_180200,WWV_FLOW_RT$PENDING_APPROVALS,APEX_180200.WWV_FLOW_RT$PENDING_APPROVALS
APEX_180200,WWV_FLOW_RT$PRIVILEGES,APEX_180200.WWV_FLOW_RT$PRIVILEGES
APEX_180200,WWV_FLOW_RT$PRIVILEGE_GROUPS,APEX_180200.WWV_FLOW_RT$PRIVILEGE_GROUPS
APEX_180200,WWV_FLOW_RT$TEMPLATES,APEX_180200.WWV_FLOW_RT$TEMPLATES
APEX_180200,WWV_FLOW_RT$USER_SESSIONS,APEX_180200.WWV_FLOW_RT$USER_SESSIONS
APEX_180200,WWV_FLOW_SC_TRANS,APEX_180200.WWV_FLOW_SC_TRANS
APEX_180200,WWV_FLOW_SECURITY_SCHEMES,APEX_180200.WWV_FLOW_SECURITY_SCHEMES
APEX_180200,WWV_FLOW_SESSIONS$,APEX_180200.WWV_FLOW_SESSIONS$
APEX_180200,WWV_FLOW_SESSION_AUTHZ$,APEX_180200.WWV_FLOW_SESSION_AUTHZ$
APEX_180200,WWV_FLOW_SESSION_GROUPS$,APEX_180200.WWV_FLOW_SESSION_GROUPS$
APEX_180200,WWV_FLOW_SHARED_QRY_SQL_STMTS,APEX_180200.WWV_FLOW_SHARED_QRY_SQL_STMTS
APEX_180200,WWV_FLOW_SHARED_QUERIES,APEX_180200.WWV_FLOW_SHARED_QUERIES
APEX_180200,WWV_FLOW_SHARED_WEB_SERVICES,APEX_180200.WWV_FLOW_SHARED_WEB_SERVICES
APEX_180200,WWV_FLOW_SHORTCUTS,APEX_180200.WWV_FLOW_SHORTCUTS
APEX_180200,WWV_FLOW_STANDARD_EVENTS,APEX_180200.WWV_FLOW_STANDARD_EVENTS
APEX_180200,WWV_FLOW_STANDARD_ICONS,APEX_180200.WWV_FLOW_STANDARD_ICONS
APEX_180200,WWV_FLOW_STANDARD_ITEM_TYPES,APEX_180200.WWV_FLOW_STANDARD_ITEM_TYPES
APEX_180200,WWV_FLOW_STATIC_FILES,APEX_180200.WWV_FLOW_STATIC_FILES
APEX_180200,WWV_FLOW_STEPS,APEX_180200.WWV_FLOW_STEPS
APEX_180200,WWV_FLOW_STEP_BRANCHES,APEX_180200.WWV_FLOW_STEP_BRANCHES
APEX_180200,WWV_FLOW_STEP_BUTTONS,APEX_180200.WWV_FLOW_STEP_BUTTONS
APEX_180200,WWV_FLOW_STEP_COMPUTATIONS,APEX_180200.WWV_FLOW_STEP_COMPUTATIONS
APEX_180200,WWV_FLOW_STEP_ITEMS,APEX_180200.WWV_FLOW_STEP_ITEMS
APEX_180200,WWV_FLOW_STEP_ITEM_HELP,APEX_180200.WWV_FLOW_STEP_ITEM_HELP
APEX_180200,WWV_FLOW_STEP_PROCESSING,APEX_180200.WWV_FLOW_STEP_PROCESSING
APEX_180200,WWV_FLOW_STEP_VALIDATIONS,APEX_180200.WWV_FLOW_STEP_VALIDATIONS
APEX_180200,WWV_FLOW_SW_DETAIL_RESULTS,APEX_180200.WWV_FLOW_SW_DETAIL_RESULTS
APEX_180200,WWV_FLOW_SW_MAIN_KEYWORDS,APEX_180200.WWV_FLOW_SW_MAIN_KEYWORDS
APEX_180200,WWV_FLOW_SW_RESULTS,APEX_180200.WWV_FLOW_SW_RESULTS
APEX_180200,WWV_FLOW_SW_SQLPLUS_CMD,APEX_180200.WWV_FLOW_SW_SQLPLUS_CMD
APEX_180200,WWV_FLOW_SW_SQL_CMDS,APEX_180200.WWV_FLOW_SW_SQL_CMDS
APEX_180200,WWV_FLOW_SW_STMTS,APEX_180200.WWV_FLOW_SW_STMTS
APEX_180200,WWV_FLOW_TABS,APEX_180200.WWV_FLOW_TABS
APEX_180200,WWV_FLOW_TASKS,APEX_180200.WWV_FLOW_TASKS
APEX_180200,WWV_FLOW_TASK_DEFAULTS,APEX_180200.WWV_FLOW_TASK_DEFAULTS
APEX_180200,WWV_FLOW_TASK_PROGRESS,APEX_180200.WWV_FLOW_TASK_PROGRESS
APEX_180200,WWV_FLOW_TEAM_TAGS,APEX_180200.WWV_FLOW_TEAM_TAGS
APEX_180200,WWV_FLOW_TEMPLATES,APEX_180200.WWV_FLOW_TEMPLATES
APEX_180200,WWV_FLOW_TEMPLATE_OPTIONS,APEX_180200.WWV_FLOW_TEMPLATE_OPTIONS
APEX_180200,WWV_FLOW_TEMPLATE_OPT_GROUPS,APEX_180200.WWV_FLOW_TEMPLATE_OPT_GROUPS
APEX_180200,WWV_FLOW_THEMES,APEX_180200.WWV_FLOW_THEMES
APEX_180200,WWV_FLOW_THEME_DISPLAY_POINTS,APEX_180200.WWV_FLOW_THEME_DISPLAY_POINTS
APEX_180200,WWV_FLOW_THEME_FILES,APEX_180200.WWV_FLOW_THEME_FILES
APEX_180200,WWV_FLOW_THEME_STYLES,APEX_180200.WWV_FLOW_THEME_STYLES
APEX_180200,WWV_FLOW_TOPLEVEL_TABS,APEX_180200.WWV_FLOW_TOPLEVEL_TABS
APEX_180200,WWV_FLOW_TRANSLATABLE_COLS$,APEX_180200.WWV_FLOW_TRANSLATABLE_COLS$
APEX_180200,WWV_FLOW_TRANSLATABLE_TEXT$,APEX_180200.WWV_FLOW_TRANSLATABLE_TEXT$
APEX_180200,WWV_FLOW_TREES,APEX_180200.WWV_FLOW_TREES
APEX_180200,WWV_FLOW_TREE_REGIONS,APEX_180200.WWV_FLOW_TREE_REGIONS
APEX_180200,WWV_FLOW_TREE_STATE,APEX_180200.WWV_FLOW_TREE_STATE
APEX_180200,WWV_FLOW_UI_TYPES,APEX_180200.WWV_FLOW_UI_TYPES
APEX_180200,WWV_FLOW_UI_TYPE_FEATURES,APEX_180200.WWV_FLOW_UI_TYPE_FEATURES
APEX_180200,WWV_FLOW_USER_ACCESS_LOG1$,APEX_180200.WWV_FLOW_USER_ACCESS_LOG1$
APEX_180200,WWV_FLOW_USER_ACCESS_LOG2$,APEX_180200.WWV_FLOW_USER_ACCESS_LOG2$
APEX_180200,WWV_FLOW_USER_INTERFACES,APEX_180200.WWV_FLOW_USER_INTERFACES
APEX_180200,WWV_FLOW_VALIDATIONS,APEX_180200.WWV_FLOW_VALIDATIONS
APEX_180200,WWV_FLOW_WEBSERVICE_LOG1$,APEX_180200.WWV_FLOW_WEBSERVICE_LOG1$
APEX_180200,WWV_FLOW_WEBSERVICE_LOG2$,APEX_180200.WWV_FLOW_WEBSERVICE_LOG2$
APEX_180200,WWV_FLOW_WEB_SRC_COMP_PARAMS,APEX_180200.WWV_FLOW_WEB_SRC_COMP_PARAMS
APEX_180200,WWV_FLOW_WEB_SRC_MODULES,APEX_180200.WWV_FLOW_WEB_SRC_MODULES
APEX_180200,WWV_FLOW_WEB_SRC_OPERATIONS,APEX_180200.WWV_FLOW_WEB_SRC_OPERATIONS
APEX_180200,WWV_FLOW_WEB_SRC_PARAMS,APEX_180200.WWV_FLOW_WEB_SRC_PARAMS
APEX_180200,WWV_FLOW_WORKSHEETS,APEX_180200.WWV_FLOW_WORKSHEETS
APEX_180200,WWV_FLOW_WORKSHEET_CATEGORIES,APEX_180200.WWV_FLOW_WORKSHEET_CATEGORIES
APEX_180200,WWV_FLOW_WORKSHEET_COLUMNS,APEX_180200.WWV_FLOW_WORKSHEET_COLUMNS
APEX_180200,WWV_FLOW_WORKSHEET_COL_GROUPS,APEX_180200.WWV_FLOW_WORKSHEET_COL_GROUPS
APEX_180200,WWV_FLOW_WORKSHEET_COMPUTATION,APEX_180200.WWV_FLOW_WORKSHEET_COMPUTATION
APEX_180200,WWV_FLOW_WORKSHEET_CONDITIONS,APEX_180200.WWV_FLOW_WORKSHEET_CONDITIONS
APEX_180200,WWV_FLOW_WORKSHEET_GEOCACHE,APEX_180200.WWV_FLOW_WORKSHEET_GEOCACHE
APEX_180200,WWV_FLOW_WORKSHEET_GROUP_BY,APEX_180200.WWV_FLOW_WORKSHEET_GROUP_BY
APEX_180200,WWV_FLOW_WORKSHEET_LOVS,APEX_180200.WWV_FLOW_WORKSHEET_LOVS
APEX_180200,WWV_FLOW_WORKSHEET_LOV_ENTRIES,APEX_180200.WWV_FLOW_WORKSHEET_LOV_ENTRIES
APEX_180200,WWV_FLOW_WORKSHEET_NOTIFY,APEX_180200.WWV_FLOW_WORKSHEET_NOTIFY
APEX_180200,WWV_FLOW_WORKSHEET_PIVOT,APEX_180200.WWV_FLOW_WORKSHEET_PIVOT
APEX_180200,WWV_FLOW_WORKSHEET_PIVOT_AGG,APEX_180200.WWV_FLOW_WORKSHEET_PIVOT_AGG
APEX_180200,WWV_FLOW_WORKSHEET_PIVOT_SORT,APEX_180200.WWV_FLOW_WORKSHEET_PIVOT_SORT
APEX_180200,WWV_FLOW_WORKSHEET_RPTS,APEX_180200.WWV_FLOW_WORKSHEET_RPTS
APEX_180200,WWV_FLOW_WORKSPACE_REQ_SIZE,APEX_180200.WWV_FLOW_WORKSPACE_REQ_SIZE
APEX_180200,WWV_FLOW_WS_APPLICATIONS,APEX_180200.WWV_FLOW_WS_APPLICATIONS
APEX_180200,WWV_FLOW_WS_APP_SUG_OBJECTS,APEX_180200.WWV_FLOW_WS_APP_SUG_OBJECTS
APEX_180200,WWV_FLOW_WS_COL_VALIDATIONS,APEX_180200.WWV_FLOW_WS_COL_VALIDATIONS
APEX_180200,WWV_FLOW_WS_CONSTRAINTS,APEX_180200.WWV_FLOW_WS_CONSTRAINTS
APEX_180200,WWV_FLOW_WS_CUSTOM_AUTH_SETUPS,APEX_180200.WWV_FLOW_WS_CUSTOM_AUTH_SETUPS
APEX_180200,WWV_FLOW_WS_DATA_GRID_Q,APEX_180200.WWV_FLOW_WS_DATA_GRID_Q
APEX_180200,WWV_FLOW_WS_INDEXES,APEX_180200.WWV_FLOW_WS_INDEXES
APEX_180200,WWV_FLOW_WS_IND_COLUMNS,APEX_180200.WWV_FLOW_WS_IND_COLUMNS
APEX_180200,WWV_FLOW_WS_OPERATIONS,APEX_180200.WWV_FLOW_WS_OPERATIONS
APEX_180200,WWV_FLOW_WS_PARAMETERS,APEX_180200.WWV_FLOW_WS_PARAMETERS
APEX_180200,WWV_FLOW_WS_PROCESS_PARMS_MAP,APEX_180200.WWV_FLOW_WS_PROCESS_PARMS_MAP
APEX_180200,WWV_FLOW_WS_SEQUENCES,APEX_180200.WWV_FLOW_WS_SEQUENCES
APEX_180200,WWV_FLOW_WS_TABLES,APEX_180200.WWV_FLOW_WS_TABLES
APEX_180200,WWV_FLOW_WS_TAB_COLUMNS,APEX_180200.WWV_FLOW_WS_TAB_COLUMNS
APEX_180200,WWV_FLOW_WS_TRIGGERS,APEX_180200.WWV_FLOW_WS_TRIGGERS
APEX_180200,WWV_FLOW_WS_WEBPAGES,APEX_180200.WWV_FLOW_WS_WEBPAGES
APEX_180200,WWV_FLOW_WS_WEBSHEET_ATTR,APEX_180200.WWV_FLOW_WS_WEBSHEET_ATTR
APEX_180200,WWV_INSTALL$,APEX_180200.WWV_INSTALL$
APEX_180200,WWV_INSTALL_ACTION$,APEX_180200.WWV_INSTALL_ACTION$
APEX_180200,WWV_INSTALL_ERROR$,APEX_180200.WWV_INSTALL_ERROR$
APEX_180200,WWV_MIG_ACCESS,APEX_180200.WWV_MIG_ACCESS
APEX_180200,WWV_MIG_ACC_COLUMNS,APEX_180200.WWV_MIG_ACC_COLUMNS
APEX_180200,WWV_MIG_ACC_FORMS,APEX_180200.WWV_MIG_ACC_FORMS
APEX_180200,WWV_MIG_ACC_FORMS_CONTROLS,APEX_180200.WWV_MIG_ACC_FORMS_CONTROLS
APEX_180200,WWV_MIG_ACC_FORMS_MODULES,APEX_180200.WWV_MIG_ACC_FORMS_MODULES
APEX_180200,WWV_MIG_ACC_FORMS_PERM,APEX_180200.WWV_MIG_ACC_FORMS_PERM
APEX_180200,WWV_MIG_ACC_GROUPS,APEX_180200.WWV_MIG_ACC_GROUPS
APEX_180200,WWV_MIG_ACC_GRPSMEMBERS,APEX_180200.WWV_MIG_ACC_GRPSMEMBERS
APEX_180200,WWV_MIG_ACC_INDEXES,APEX_180200.WWV_MIG_ACC_INDEXES
APEX_180200,WWV_MIG_ACC_INDEXES_COLS,APEX_180200.WWV_MIG_ACC_INDEXES_COLS
APEX_180200,WWV_MIG_ACC_MODULES,APEX_180200.WWV_MIG_ACC_MODULES
APEX_180200,WWV_MIG_ACC_MODULES_PERM,APEX_180200.WWV_MIG_ACC_MODULES_PERM
APEX_180200,WWV_MIG_ACC_PAGES,APEX_180200.WWV_MIG_ACC_PAGES
APEX_180200,WWV_MIG_ACC_QUERIES,APEX_180200.WWV_MIG_ACC_QUERIES
APEX_180200,WWV_MIG_ACC_RELATIONS,APEX_180200.WWV_MIG_ACC_RELATIONS
APEX_180200,WWV_MIG_ACC_RELATION_COLS,APEX_180200.WWV_MIG_ACC_RELATION_COLS
APEX_180200,WWV_MIG_ACC_REPORTS,APEX_180200.WWV_MIG_ACC_REPORTS
APEX_180200,WWV_MIG_ACC_RPTS_CONTROLS,APEX_180200.WWV_MIG_ACC_RPTS_CONTROLS
APEX_180200,WWV_MIG_ACC_RPTS_MODULES,APEX_180200.WWV_MIG_ACC_RPTS_MODULES
APEX_180200,WWV_MIG_ACC_RPT_PERMS,APEX_180200.WWV_MIG_ACC_RPT_PERMS
APEX_180200,WWV_MIG_ACC_TABLES,APEX_180200.WWV_MIG_ACC_TABLES
APEX_180200,WWV_MIG_ACC_TAB_PERM,APEX_180200.WWV_MIG_ACC_TAB_PERM
APEX_180200,WWV_MIG_ACC_USERS,APEX_180200.WWV_MIG_ACC_USERS
APEX_180200,WWV_MIG_EXPORTER,APEX_180200.WWV_MIG_EXPORTER
APEX_180200,WWV_MIG_FORMS,APEX_180200.WWV_MIG_FORMS
APEX_180200,WWV_MIG_FRM_ALERTS,APEX_180200.WWV_MIG_FRM_ALERTS
APEX_180200,WWV_MIG_FRM_ATTACHEDLIBRARY,APEX_180200.WWV_MIG_FRM_ATTACHEDLIBRARY
APEX_180200,WWV_MIG_FRM_BLK_DSA,APEX_180200.WWV_MIG_FRM_BLK_DSA
APEX_180200,WWV_MIG_FRM_BLK_DSC,APEX_180200.WWV_MIG_FRM_BLK_DSC
APEX_180200,WWV_MIG_FRM_BLK_ITEMS,APEX_180200.WWV_MIG_FRM_BLK_ITEMS
APEX_180200,WWV_MIG_FRM_BLK_ITEM_LIE,APEX_180200.WWV_MIG_FRM_BLK_ITEM_LIE
APEX_180200,WWV_MIG_FRM_BLK_ITEM_RADIO,APEX_180200.WWV_MIG_FRM_BLK_ITEM_RADIO
APEX_180200,WWV_MIG_FRM_BLK_ITEM_TRIGGERS,APEX_180200.WWV_MIG_FRM_BLK_ITEM_TRIGGERS
APEX_180200,WWV_MIG_FRM_BLK_RELATIONS,APEX_180200.WWV_MIG_FRM_BLK_RELATIONS
APEX_180200,WWV_MIG_FRM_BLK_TRIGGERS,APEX_180200.WWV_MIG_FRM_BLK_TRIGGERS
APEX_180200,WWV_MIG_FRM_BLOCKS,APEX_180200.WWV_MIG_FRM_BLOCKS
APEX_180200,WWV_MIG_FRM_CANVAS,APEX_180200.WWV_MIG_FRM_CANVAS
APEX_180200,WWV_MIG_FRM_CNVG_COMPOUNDTEXT,APEX_180200.WWV_MIG_FRM_CNVG_COMPOUNDTEXT
APEX_180200,WWV_MIG_FRM_CNVS_GRAPHICS,APEX_180200.WWV_MIG_FRM_CNVS_GRAPHICS
APEX_180200,WWV_MIG_FRM_CNVS_TABPAGE,APEX_180200.WWV_MIG_FRM_CNVS_TABPAGE
APEX_180200,WWV_MIG_FRM_COORDINATES,APEX_180200.WWV_MIG_FRM_COORDINATES
APEX_180200,WWV_MIG_FRM_CPDTXT_TEXTSEGMENT,APEX_180200.WWV_MIG_FRM_CPDTXT_TEXTSEGMENT
APEX_180200,WWV_MIG_FRM_EDITOR,APEX_180200.WWV_MIG_FRM_EDITOR
APEX_180200,WWV_MIG_FRM_FMB_MENU,APEX_180200.WWV_MIG_FRM_FMB_MENU
APEX_180200,WWV_MIG_FRM_FMB_MENUITEM_ROLE,APEX_180200.WWV_MIG_FRM_FMB_MENUITEM_ROLE
APEX_180200,WWV_MIG_FRM_FMB_MENU_MENUITEM,APEX_180200.WWV_MIG_FRM_FMB_MENU_MENUITEM
APEX_180200,WWV_MIG_FRM_FORMMODULES,APEX_180200.WWV_MIG_FRM_FORMMODULES
APEX_180200,WWV_MIG_FRM_LOV,APEX_180200.WWV_MIG_FRM_LOV
APEX_180200,WWV_MIG_FRM_LOVCOLUMNMAPPING,APEX_180200.WWV_MIG_FRM_LOVCOLUMNMAPPING
APEX_180200,WWV_MIG_FRM_MENU,APEX_180200.WWV_MIG_FRM_MENU
APEX_180200,WWV_MIG_FRM_MENUITEM_ROLE,APEX_180200.WWV_MIG_FRM_MENUITEM_ROLE
APEX_180200,WWV_MIG_FRM_MENUS,APEX_180200.WWV_MIG_FRM_MENUS
APEX_180200,WWV_MIG_FRM_MENUSMODULEROLES,APEX_180200.WWV_MIG_FRM_MENUSMODULEROLES
APEX_180200,WWV_MIG_FRM_MENUS_MENUMODULES,APEX_180200.WWV_MIG_FRM_MENUS_MENUMODULES
APEX_180200,WWV_MIG_FRM_MENUS_MODULES,APEX_180200.WWV_MIG_FRM_MENUS_MODULES
APEX_180200,WWV_MIG_FRM_MENUS_PROGRAMUNIT,APEX_180200.WWV_MIG_FRM_MENUS_PROGRAMUNIT
APEX_180200,WWV_MIG_FRM_MENU_MENUITEM,APEX_180200.WWV_MIG_FRM_MENU_MENUITEM
APEX_180200,WWV_MIG_FRM_MODULEPARAMETER,APEX_180200.WWV_MIG_FRM_MODULEPARAMETER
APEX_180200,WWV_MIG_FRM_MODULES,APEX_180200.WWV_MIG_FRM_MODULES
APEX_180200,WWV_MIG_FRM_OBJECTGROUP,APEX_180200.WWV_MIG_FRM_OBJECTGROUP
APEX_180200,WWV_MIG_FRM_OBJECTGROUPCHILD,APEX_180200.WWV_MIG_FRM_OBJECTGROUPCHILD
APEX_180200,WWV_MIG_FRM_OLB_XMLTAGTABLEMAP,APEX_180200.WWV_MIG_FRM_OLB_XMLTAGTABLEMAP
APEX_180200,WWV_MIG_FRM_PROGRAMUNIT,APEX_180200.WWV_MIG_FRM_PROGRAMUNIT
APEX_180200,WWV_MIG_FRM_PROPERTYCLASS,APEX_180200.WWV_MIG_FRM_PROPERTYCLASS
APEX_180200,WWV_MIG_FRM_RECORDGROUPCOLUMN,APEX_180200.WWV_MIG_FRM_RECORDGROUPCOLUMN
APEX_180200,WWV_MIG_FRM_RECORDGROUPS,APEX_180200.WWV_MIG_FRM_RECORDGROUPS
APEX_180200,WWV_MIG_FRM_REPORT,APEX_180200.WWV_MIG_FRM_REPORT
APEX_180200,WWV_MIG_FRM_REV_APEX_APP,APEX_180200.WWV_MIG_FRM_REV_APEX_APP
APEX_180200,WWV_MIG_FRM_REV_BLK_ITEMS,APEX_180200.WWV_MIG_FRM_REV_BLK_ITEMS
APEX_180200,WWV_MIG_FRM_REV_BLOCKS,APEX_180200.WWV_MIG_FRM_REV_BLOCKS
APEX_180200,WWV_MIG_FRM_REV_FORMMODULES,APEX_180200.WWV_MIG_FRM_REV_FORMMODULES
APEX_180200,WWV_MIG_FRM_REV_LOV,APEX_180200.WWV_MIG_FRM_REV_LOV
APEX_180200,WWV_MIG_FRM_REV_LOVCOLMAPS,APEX_180200.WWV_MIG_FRM_REV_LOVCOLMAPS
APEX_180200,WWV_MIG_FRM_TRIGGERS,APEX_180200.WWV_MIG_FRM_TRIGGERS
APEX_180200,WWV_MIG_FRM_VISUALATTRIBUTES,APEX_180200.WWV_MIG_FRM_VISUALATTRIBUTES
APEX_180200,WWV_MIG_FRM_WINDOWS,APEX_180200.WWV_MIG_FRM_WINDOWS
APEX_180200,WWV_MIG_FRM_XMLTAGTABLEMAP,APEX_180200.WWV_MIG_FRM_XMLTAGTABLEMAP
APEX_180200,WWV_MIG_GENERATED_APPLICATIONS,APEX_180200.WWV_MIG_GENERATED_APPLICATIONS
APEX_180200,WWV_MIG_MENU_XMLTAGTABLEMAP,APEX_180200.WWV_MIG_MENU_XMLTAGTABLEMAP
APEX_180200,WWV_MIG_OLB,APEX_180200.WWV_MIG_OLB
APEX_180200,WWV_MIG_OLB_BLK_DATASOURCECOL,APEX_180200.WWV_MIG_OLB_BLK_DATASOURCECOL
APEX_180200,WWV_MIG_OLB_BLK_ITEM,APEX_180200.WWV_MIG_OLB_BLK_ITEM
APEX_180200,WWV_MIG_OLB_BLK_ITEM_LIE,APEX_180200.WWV_MIG_OLB_BLK_ITEM_LIE
APEX_180200,WWV_MIG_OLB_BLK_ITEM_TRIGGER,APEX_180200.WWV_MIG_OLB_BLK_ITEM_TRIGGER
APEX_180200,WWV_MIG_OLB_BLK_TRIGGER,APEX_180200.WWV_MIG_OLB_BLK_TRIGGER
APEX_180200,WWV_MIG_OLB_BLOCK,APEX_180200.WWV_MIG_OLB_BLOCK
APEX_180200,WWV_MIG_OLB_CANVAS,APEX_180200.WWV_MIG_OLB_CANVAS
APEX_180200,WWV_MIG_OLB_CG_COMPOUNDTEXT,APEX_180200.WWV_MIG_OLB_CG_COMPOUNDTEXT
APEX_180200,WWV_MIG_OLB_CG_CT_TEXTSEGMENT,APEX_180200.WWV_MIG_OLB_CG_CT_TEXTSEGMENT
APEX_180200,WWV_MIG_OLB_CNVS_GRAPHICS,APEX_180200.WWV_MIG_OLB_CNVS_GRAPHICS
APEX_180200,WWV_MIG_OLB_MODULES,APEX_180200.WWV_MIG_OLB_MODULES
APEX_180200,WWV_MIG_OLB_OBJECTLIBRARY,APEX_180200.WWV_MIG_OLB_OBJECTLIBRARY
APEX_180200,WWV_MIG_OLB_OBJECTLIBRARYTAB,APEX_180200.WWV_MIG_OLB_OBJECTLIBRARYTAB
APEX_180200,WWV_MIG_OLB_OLT_ALERT,APEX_180200.WWV_MIG_OLB_OLT_ALERT
APEX_180200,WWV_MIG_OLB_OLT_BLK_ITEM,APEX_180200.WWV_MIG_OLB_OLT_BLK_ITEM
APEX_180200,WWV_MIG_OLB_OLT_BLK_ITEM_TRIGR,APEX_180200.WWV_MIG_OLB_OLT_BLK_ITEM_TRIGR
APEX_180200,WWV_MIG_OLB_OLT_BLOCK,APEX_180200.WWV_MIG_OLB_OLT_BLOCK
APEX_180200,WWV_MIG_OLB_OLT_CANVAS,APEX_180200.WWV_MIG_OLB_OLT_CANVAS
APEX_180200,WWV_MIG_OLB_OLT_CNVS_GRAPHICS,APEX_180200.WWV_MIG_OLB_OLT_CNVS_GRAPHICS
APEX_180200,WWV_MIG_OLB_OLT_GRAPHICS,APEX_180200.WWV_MIG_OLB_OLT_GRAPHICS
APEX_180200,WWV_MIG_OLB_OLT_ITEM,APEX_180200.WWV_MIG_OLB_OLT_ITEM
APEX_180200,WWV_MIG_OLB_OLT_MENU,APEX_180200.WWV_MIG_OLB_OLT_MENU
APEX_180200,WWV_MIG_OLB_OLT_MENU_MENUITEM,APEX_180200.WWV_MIG_OLB_OLT_MENU_MENUITEM
APEX_180200,WWV_MIG_OLB_OLT_OBJECTGROUP,APEX_180200.WWV_MIG_OLB_OLT_OBJECTGROUP
APEX_180200,WWV_MIG_OLB_OLT_OB_OBJGRPCHILD,APEX_180200.WWV_MIG_OLB_OLT_OB_OBJGRPCHILD
APEX_180200,WWV_MIG_OLB_OLT_REPORT,APEX_180200.WWV_MIG_OLB_OLT_REPORT
APEX_180200,WWV_MIG_OLB_OLT_TABPAGE,APEX_180200.WWV_MIG_OLB_OLT_TABPAGE
APEX_180200,WWV_MIG_OLB_OLT_TABPG_GRAPHICS,APEX_180200.WWV_MIG_OLB_OLT_TABPG_GRAPHICS
APEX_180200,WWV_MIG_OLB_OLT_VISUALATTRBUTE,APEX_180200.WWV_MIG_OLB_OLT_VISUALATTRBUTE
APEX_180200,WWV_MIG_OLB_OLT_WINDOW,APEX_180200.WWV_MIG_OLB_OLT_WINDOW
APEX_180200,WWV_MIG_OLB_PROGRAMUNIT,APEX_180200.WWV_MIG_OLB_PROGRAMUNIT
APEX_180200,WWV_MIG_OLB_PROPERTYCLASS,APEX_180200.WWV_MIG_OLB_PROPERTYCLASS
APEX_180200,WWV_MIG_OLB_T_TP_GGGGG_CPDTXT,APEX_180200.WWV_MIG_OLB_T_TP_GGGGG_CPDTXT
APEX_180200,WWV_MIG_OLB_T_TP_GGGGG_CT_TXST,APEX_180200.WWV_MIG_OLB_T_TP_GGGGG_CT_TXST
APEX_180200,WWV_MIG_OLB_T_TP_GGGG_CPDTXT,APEX_180200.WWV_MIG_OLB_T_TP_GGGG_CPDTXT
APEX_180200,WWV_MIG_OLB_T_TP_GGGG_CT_TXSGT,APEX_180200.WWV_MIG_OLB_T_TP_GGGG_CT_TXSGT
APEX_180200,WWV_MIG_OLB_T_TP_GGGG_GRAPHICS,APEX_180200.WWV_MIG_OLB_T_TP_GGGG_GRAPHICS
APEX_180200,WWV_MIG_OLB_T_TP_GGG_CPDTXT,APEX_180200.WWV_MIG_OLB_T_TP_GGG_CPDTXT
APEX_180200,WWV_MIG_OLB_T_TP_GGG_CT_TXTSGT,APEX_180200.WWV_MIG_OLB_T_TP_GGG_CT_TXTSGT
APEX_180200,WWV_MIG_OLB_T_TP_GGG_GRAPHICS,APEX_180200.WWV_MIG_OLB_T_TP_GGG_GRAPHICS
APEX_180200,WWV_MIG_OLB_T_TP_GG_CPDTXT,APEX_180200.WWV_MIG_OLB_T_TP_GG_CPDTXT
APEX_180200,WWV_MIG_OLB_T_TP_GG_CT_TXTSGT,APEX_180200.WWV_MIG_OLB_T_TP_GG_CT_TXTSGT
APEX_180200,WWV_MIG_OLB_T_TP_GG_GRAPHICS,APEX_180200.WWV_MIG_OLB_T_TP_GG_GRAPHICS
APEX_180200,WWV_MIG_OLB_T_TP_G_GRAPHICS,APEX_180200.WWV_MIG_OLB_T_TP_G_GRAPHICS
APEX_180200,WWV_MIG_OLB_VISUALATTRIBUTE,APEX_180200.WWV_MIG_OLB_VISUALATTRIBUTE
APEX_180200,WWV_MIG_OLB_WINDOW,APEX_180200.WWV_MIG_OLB_WINDOW
APEX_180200,WWV_MIG_PLSQL_LIBS,APEX_180200.WWV_MIG_PLSQL_LIBS
APEX_180200,WWV_MIG_PROJECTS,APEX_180200.WWV_MIG_PROJECTS
APEX_180200,WWV_MIG_PROJECT_COMPONENTS,APEX_180200.WWV_MIG_PROJECT_COMPONENTS
APEX_180200,WWV_MIG_PROJECT_TRIGGERS,APEX_180200.WWV_MIG_PROJECT_TRIGGERS
APEX_180200,WWV_MIG_REPORT,APEX_180200.WWV_MIG_REPORT
APEX_180200,WWV_MIG_RESERVED_WORDS,APEX_180200.WWV_MIG_RESERVED_WORDS
APEX_180200,WWV_MIG_REV_APEXAPP,APEX_180200.WWV_MIG_REV_APEXAPP
APEX_180200,WWV_MIG_REV_FORMS,APEX_180200.WWV_MIG_REV_FORMS
APEX_180200,WWV_MIG_REV_QUERIES,APEX_180200.WWV_MIG_REV_QUERIES
APEX_180200,WWV_MIG_REV_REPORTS,APEX_180200.WWV_MIG_REV_REPORTS
APEX_180200,WWV_MIG_REV_TABLES,APEX_180200.WWV_MIG_REV_TABLES
APEX_180200,WWV_MIG_RPTS,APEX_180200.WWV_MIG_RPTS
APEX_180200,WWV_MIG_RPT_DATA,APEX_180200.WWV_MIG_RPT_DATA
APEX_180200,WWV_MIG_RPT_DATASRC,APEX_180200.WWV_MIG_RPT_DATASRC
APEX_180200,WWV_MIG_RPT_DATASRC_GRP,APEX_180200.WWV_MIG_RPT_DATASRC_GRP
APEX_180200,WWV_MIG_RPT_DATASRC_SELECT,APEX_180200.WWV_MIG_RPT_DATASRC_SELECT
APEX_180200,WWV_MIG_RPT_DATA_SUMMARY,APEX_180200.WWV_MIG_RPT_DATA_SUMMARY
APEX_180200,WWV_MIG_RPT_GRP_DATAITEM,APEX_180200.WWV_MIG_RPT_GRP_DATAITEM
APEX_180200,WWV_MIG_RPT_GRP_DATAITEM_DESC,APEX_180200.WWV_MIG_RPT_GRP_DATAITEM_DESC
APEX_180200,WWV_MIG_RPT_GRP_DATAITEM_PRIV,APEX_180200.WWV_MIG_RPT_GRP_DATAITEM_PRIV
APEX_180200,WWV_MIG_RPT_GRP_FIELD,APEX_180200.WWV_MIG_RPT_GRP_FIELD
APEX_180200,WWV_MIG_RPT_GRP_FILTER,APEX_180200.WWV_MIG_RPT_GRP_FILTER
APEX_180200,WWV_MIG_RPT_GRP_FORMULA,APEX_180200.WWV_MIG_RPT_GRP_FORMULA
APEX_180200,WWV_MIG_RPT_GRP_ROWDELIM,APEX_180200.WWV_MIG_RPT_GRP_ROWDELIM
APEX_180200,WWV_MIG_RPT_GRP_SUMMARY,APEX_180200.WWV_MIG_RPT_GRP_SUMMARY
APEX_180200,WWV_MIG_RPT_REPORTPRIVATE,APEX_180200.WWV_MIG_RPT_REPORTPRIVATE
APEX_180200,WWV_MIG_RPT_XMLTAGTABLEMAP,APEX_180200.WWV_MIG_RPT_XMLTAGTABLEMAP
APEX_180200,WWV_PE_COMPONENT_PROPS,APEX_180200.WWV_PE_COMPONENT_PROPS
APEX_180200,WWV_PE_COMPONENT_TYPES,APEX_180200.WWV_PE_COMPONENT_TYPES
APEX_180200,WWV_PE_DISPLAY_GROUPS,APEX_180200.WWV_PE_DISPLAY_GROUPS
APEX_180200,WWV_PE_PROPERTIES,APEX_180200.WWV_PE_PROPERTIES
APEX_180200,WWV_PE_PROPERTY_LOV_VALUES,APEX_180200.WWV_PE_PROPERTY_LOV_VALUES
APEX_180200,WWV_PURGE_DATAFILES,APEX_180200.WWV_PURGE_DATAFILES
APEX_180200,WWV_PURGE_EMAILS,APEX_180200.WWV_PURGE_EMAILS
APEX_180200,WWV_PURGE_LOG,APEX_180200.WWV_PURGE_LOG
APEX_180200,WWV_PURGE_SCHEMAS,APEX_180200.WWV_PURGE_SCHEMAS
APEX_180200,WWV_PURGE_WORKSPACES,APEX_180200.WWV_PURGE_WORKSPACES
APEX_180200,WWV_PURGE_WORKSPACE_RESPONSES,APEX_180200.WWV_PURGE_WORKSPACE_RESPONSES
APEX_180200,WWV_QS_ERRORS,APEX_180200.WWV_QS_ERRORS
APEX_180200,WWV_QS_MODELS,APEX_180200.WWV_QS_MODELS
APEX_180200,WWV_QS_RANDOM_NAMES,APEX_180200.WWV_QS_RANDOM_NAMES
APEX_180200,WWV_QS_SAVED_MODELS,APEX_180200.WWV_QS_SAVED_MODELS
APEX_180200,WWV_REMOTE_SERVERS,APEX_180200.WWV_REMOTE_SERVERS
APEX_180200,WWV_SAMPLE_DATASETS,APEX_180200.WWV_SAMPLE_DATASETS
APEX_180200,WWV_SAMPLE_DATASET_COMPANIES,APEX_180200.WWV_SAMPLE_DATASET_COMPANIES
APEX_180200,WWV_SAMPLE_DATASET_LANGUAGES,APEX_180200.WWV_SAMPLE_DATASET_LANGUAGES
APEX_180200,WWV_SAMPLE_DDLS,APEX_180200.WWV_SAMPLE_DDLS
APEX_180200,WWV_SAMPLE_DMLS,APEX_180200.WWV_SAMPLE_DMLS
APEX_180200,WWV_SAMPLE_JSON,APEX_180200.WWV_SAMPLE_JSON
APEX_180200,WWV_SAMPLE_LANGUAGES,APEX_180200.WWV_SAMPLE_LANGUAGES
APPQOSSYS,WLM_CLASSIFIER_PLAN,APPQOSSYS.WLM_CLASSIFIER_PLAN
APPQOSSYS,WLM_FEATURE_USAGE,APPQOSSYS.WLM_FEATURE_USAGE
APPQOSSYS,WLM_METRICS_STREAM,APPQOSSYS.WLM_METRICS_STREAM
APPQOSSYS,WLM_MPA_STREAM,APPQOSSYS.WLM_MPA_STREAM
APPQOSSYS,WLM_VIOLATION_STREAM,APPQOSSYS.WLM_VIOLATION_STREAM
AUDIT_USER,PROHIBIT_ALTER_TBL,AUDIT_USER.PROHIBIT_ALTER_TBL
AUDIT_USER,PROHIBIT_DROP_TBL,AUDIT_USER.PROHIBIT_DROP_TBL
CELERY_AUDIT,CUSTOMERID,CELERY_AUDIT.CUSTOMERID
CELERY_AUDIT,CUSTOMER_REF_DRIVER,CELERY_AUDIT.CUSTOMER_REF_DRIVER
CELERY_AUDIT,FILELOG,CELERY_AUDIT.FILELOG
CELERY_AUDIT,OUTPUTTABLEPROFILEREQUEST,CELERY_AUDIT.OUTPUTTABLEPROFILEREQUEST
DBASUPT,PARTITION_INFO,DBASUPT.PARTITION_INFO
DBASUPT,PART_INFO_TEMP_TABLE,DBASUPT.PART_INFO_TEMP_TABLE
DBA_TOOLS,GENEVAADM_NONCOSTED_EXCP,DBA_TOOLS.GENEVAADM_NONCOSTED_EXCP
DBSFWUSER,ACL$_OBJ,DBSFWUSER.ACL$_OBJ
DBSFWUSER,EXADIRECT_ACL,DBSFWUSER.EXADIRECT_ACL
DBSFWUSER,IP_ACL,DBSFWUSER.IP_ACL
DBSNMP,BSLN_BASELINES,DBSNMP.BSLN_BASELINES
DBSNMP,BSLN_METRIC_DEFAULTS,DBSNMP.BSLN_METRIC_DEFAULTS
DBSNMP,BSLN_STATISTICS,DBSNMP.BSLN_STATISTICS
DBSNMP,BSLN_THRESHOLD_PARAMS,DBSNMP.BSLN_THRESHOLD_PARAMS
DBSNMP,BSLN_TIMEGROUPS,DBSNMP.BSLN_TIMEGROUPS
DBSNMP,MGMT_BASELINE,DBSNMP.MGMT_BASELINE
DBSNMP,MGMT_BASELINE_SQL,DBSNMP.MGMT_BASELINE_SQL
DBSNMP,MGMT_CAPTURE,DBSNMP.MGMT_CAPTURE
DBSNMP,MGMT_CAPTURE_SQL,DBSNMP.MGMT_CAPTURE_SQL
DBSNMP,MGMT_DB_FEATURE_LOG,DBSNMP.MGMT_DB_FEATURE_LOG
DBSNMP,MGMT_DB_FILE_GTT,DBSNMP.MGMT_DB_FILE_GTT
DBSNMP,MGMT_DB_SIZE_GTT,DBSNMP.MGMT_DB_SIZE_GTT
DBSNMP,MGMT_HISTORY,DBSNMP.MGMT_HISTORY
DBSNMP,MGMT_HISTORY_SQL,DBSNMP.MGMT_HISTORY_SQL
DBSNMP,MGMT_LATEST,DBSNMP.MGMT_LATEST
DBSNMP,MGMT_LATEST_SQL,DBSNMP.MGMT_LATEST_SQL
DBSNMP,MGMT_RESPONSE_CONFIG,DBSNMP.MGMT_RESPONSE_CONFIG
DBSNMP,MGMT_SNAPSHOT,DBSNMP.MGMT_SNAPSHOT
DBSNMP,MGMT_SNAPSHOT_SQL,DBSNMP.MGMT_SNAPSHOT_SQL
DBSNMP,MGMT_TEMPT_SQL,DBSNMP.MGMT_TEMPT_SQL
DBUP_DEPLOY,DATABASECHANGELOG,DBUP_DEPLOY.DATABASECHANGELOG
DBUP_DEPLOY,DATABASECHANGELOGLOCK,DBUP_DEPLOY.DATABASECHANGELOGLOCK
DBUP_DEPLOY,EMPLOYEE02,DBUP_DEPLOY.EMPLOYEE02
DB_DEPLOY,DATABASECHANGELOG,DB_DEPLOY.DATABASECHANGELOG
DB_DEPLOY,DATABASECHANGELOGLOCK,DB_DEPLOY.DATABASECHANGELOGLOCK
DM_ADMIN,CENTRAL_ACTIVITY_LOG,DM_ADMIN.CENTRAL_ACTIVITY_LOG
DM_ADMIN,DB_DATACOPY_AUDIT_LOG,DM_ADMIN.DB_DATACOPY_AUDIT_LOG
DM_ADMIN,DM_DEPLOY_HISTORY,DM_ADMIN.DM_DEPLOY_HISTORY
DM_ADMIN,LOGON_AUDIT_LOG,DM_ADMIN.LOGON_AUDIT_LOG
DM_ADMIN,LOG_TABLE,DM_ADMIN.LOG_TABLE
DM_ADMIN,MONITORED_TABLES,DM_ADMIN.MONITORED_TABLES
DM_ADMIN,PURGE_AUDIT_LOG,DM_ADMIN.PURGE_AUDIT_LOG
DM_ADMIN,PURGE_CONFIG_TABLE,DM_ADMIN.PURGE_CONFIG_TABLE
DM_ADMIN,PURGE_CRITERIA,DM_ADMIN.PURGE_CRITERIA
DM_ADMIN,PURGE_LOG_TABLE,DM_ADMIN.PURGE_LOG_TABLE
DM_ADMIN,PURGING_TABLES,DM_ADMIN.PURGING_TABLES
DM_ADMIN,TRIGGER_BYPASS_STAGING,DM_ADMIN.TRIGGER_BYPASS_STAGING
FLOWS_FILES,WWV_FLOW_FILE_OBJECTS$,FLOWS_FILES.WWV_FLOW_FILE_OBJECTS$
GSMADMIN_INTERNAL,ALL_CHUNKS,GSMADMIN_INTERNAL.ALL_CHUNKS
GSMADMIN_INTERNAL,AQ$_CHANGE_LOG_QUEUE_TABLE_G,GSMADMIN_INTERNAL.AQ$_CHANGE_LOG_QUEUE_TABLE_G
GSMADMIN_INTERNAL,AQ$_CHANGE_LOG_QUEUE_TABLE_H,GSMADMIN_INTERNAL.AQ$_CHANGE_LOG_QUEUE_TABLE_H
GSMADMIN_INTERNAL,AQ$_CHANGE_LOG_QUEUE_TABLE_I,GSMADMIN_INTERNAL.AQ$_CHANGE_LOG_QUEUE_TABLE_I
GSMADMIN_INTERNAL,AQ$_CHANGE_LOG_QUEUE_TABLE_L,GSMADMIN_INTERNAL.AQ$_CHANGE_LOG_QUEUE_TABLE_L
GSMADMIN_INTERNAL,AQ$_CHANGE_LOG_QUEUE_TABLE_S,GSMADMIN_INTERNAL.AQ$_CHANGE_LOG_QUEUE_TABLE_S
GSMADMIN_INTERNAL,AQ$_CHANGE_LOG_QUEUE_TABLE_T,GSMADMIN_INTERNAL.AQ$_CHANGE_LOG_QUEUE_TABLE_T
GSMADMIN_INTERNAL,BROKER_CONFIGS,GSMADMIN_INTERNAL.BROKER_CONFIGS
GSMADMIN_INTERNAL,CATALOG_REQUESTS,GSMADMIN_INTERNAL.CATALOG_REQUESTS
GSMADMIN_INTERNAL,CHANGE_LOG_QUEUE_TABLE,GSMADMIN_INTERNAL.CHANGE_LOG_QUEUE_TABLE
GSMADMIN_INTERNAL,CHUNKDATA_TMP,GSMADMIN_INTERNAL.CHUNKDATA_TMP
GSMADMIN_INTERNAL,CHUNKS,GSMADMIN_INTERNAL.CHUNKS
GSMADMIN_INTERNAL,CHUNK_LOC,GSMADMIN_INTERNAL.CHUNK_LOC
GSMADMIN_INTERNAL,CLOUD,GSMADMIN_INTERNAL.CLOUD
GSMADMIN_INTERNAL,CONTAINER_DATABASE,GSMADMIN_INTERNAL.CONTAINER_DATABASE
GSMADMIN_INTERNAL,CREDENTIAL,GSMADMIN_INTERNAL.CREDENTIAL
GSMADMIN_INTERNAL,DATABASE,GSMADMIN_INTERNAL.DATABASE
GSMADMIN_INTERNAL,DATABASE_POOL,GSMADMIN_INTERNAL.DATABASE_POOL
GSMADMIN_INTERNAL,DATABASE_POOL_ADMIN,GSMADMIN_INTERNAL.DATABASE_POOL_ADMIN
GSMADMIN_INTERNAL,DDLID$,GSMADMIN_INTERNAL.DDLID$
GSMADMIN_INTERNAL,FILES,GSMADMIN_INTERNAL.FILES
GSMADMIN_INTERNAL,GDSCTL_MESSAGES,GSMADMIN_INTERNAL.GDSCTL_MESSAGES
GSMADMIN_INTERNAL,GLOBAL_TABLE,GSMADMIN_INTERNAL.GLOBAL_TABLE
GSMADMIN_INTERNAL,GSM,GSMADMIN_INTERNAL.GSM
GSMADMIN_INTERNAL,GSM_REQUESTS,GSMADMIN_INTERNAL.GSM_REQUESTS
GSMADMIN_INTERNAL,PARTITION_SET,GSMADMIN_INTERNAL.PARTITION_SET
GSMADMIN_INTERNAL,REGION,GSMADMIN_INTERNAL.REGION
GSMADMIN_INTERNAL,SERVICE,GSMADMIN_INTERNAL.SERVICE
GSMADMIN_INTERNAL,SERVICE_PREFERRED_AVAILABLE,GSMADMIN_INTERNAL.SERVICE_PREFERRED_AVAILABLE
GSMADMIN_INTERNAL,SHARDKEY_COLUMNS,GSMADMIN_INTERNAL.SHARDKEY_COLUMNS
GSMADMIN_INTERNAL,SHARD_GROUP,GSMADMIN_INTERNAL.SHARD_GROUP
GSMADMIN_INTERNAL,SHARD_SPACE,GSMADMIN_INTERNAL.SHARD_SPACE
GSMADMIN_INTERNAL,SHARD_TS,GSMADMIN_INTERNAL.SHARD_TS
GSMADMIN_INTERNAL,SHSPACE_NT,GSMADMIN_INTERNAL.SHSPACE_NT
GSMADMIN_INTERNAL,SYS_IOT_OVER_21032,GSMADMIN_INTERNAL.SYS_IOT_OVER_21032
GSMADMIN_INTERNAL,TABLESPACE_SET,GSMADMIN_INTERNAL.TABLESPACE_SET
GSMADMIN_INTERNAL,TABLE_FAMILY,GSMADMIN_INTERNAL.TABLE_FAMILY
GSMADMIN_INTERNAL,TS_SET_TABLE,GSMADMIN_INTERNAL.TS_SET_TABLE
GSMADMIN_INTERNAL,VERIFY_HISTORY,GSMADMIN_INTERNAL.VERIFY_HISTORY
GSMADMIN_INTERNAL,VNCR,GSMADMIN_INTERNAL.VNCR
INFRASTRUCTURE,CIMON_INVALID_OBJS_IGNORE_LIST,INFRASTRUCTURE.CIMON_INVALID_OBJS_IGNORE_LIST
INFRASTRUCTURE,LOCK_MON_OBJ_HIST,INFRASTRUCTURE.LOCK_MON_OBJ_HIST
INFRASTRUCTURE,LOCK_MON_SESS_HIST,INFRASTRUCTURE.LOCK_MON_SESS_HIST
INFRASTRUCTURE,LOCK_MON_SQL_HIST,INFRASTRUCTURE.LOCK_MON_SQL_HIST
INFRASTRUCTURE,T1_LOCK,INFRASTRUCTURE.T1_LOCK
INFRASTRUCTURE,T2_SQL,INFRASTRUCTURE.T2_SQL
INFRASTRUCTURE,T3_SESS,INFRASTRUCTURE.T3_SESS
JITR_AUTO,ODRTEMP,JITR_AUTO.ODRTEMP
MZAUD,JITR_AUDIT_REPORT,MZAUD.JITR_AUDIT_REPORT
NEWRELIC_USER,DBTOOLS$MCP_LOG,NEWRELIC_USER.DBTOOLS$MCP_LOG
OJVMSYS,OJDS$ATTRIBUTES$,OJVMSYS.OJDS$ATTRIBUTES$
OJVMSYS,OJDS$BINDINGS$,OJVMSYS.OJDS$BINDINGS$
OJVMSYS,OJDS$INODE$,OJVMSYS.OJDS$INODE$
OJVMSYS,OJDS$PERMISSIONS$,OJVMSYS.OJDS$PERMISSIONS$
OJVMSYS,OJDS$REFADDR$,OJVMSYS.OJDS$REFADDR$
OJVMSYS,OJDS$SHARED$OBJ$,OJVMSYS.OJDS$SHARED$OBJ$
OPS$ORACLE,DBUSERS_AUDIT,OPS$ORACLE.DBUSERS_AUDIT
OPS$ORACLE,VZW_SESSION_STATUS,OPS$ORACLE.VZW_SESSION_STATUS
OUTLN,OL$,OUTLN.OL$
OUTLN,OL$HINTS,OUTLN.OL$HINTS
OUTLN,OL$NODES,OUTLN.OL$NODES
SYS,ALL_UNIFIED_AUDIT_ACTIONS,SYS.ALL_UNIFIED_AUDIT_ACTIONS
SYS,AUDIT_ACTIONS,SYS.AUDIT_ACTIONS
SYS,AV_DUAL,SYS.AV_DUAL
SYS,DATA_PUMP_XPL_TABLE$,SYS.DATA_PUMP_XPL_TABLE$
SYS,DUAL,SYS.DUAL
SYS,FINALHIST$,SYS.FINALHIST$
SYS,HS$_PARALLEL_METADATA,SYS.HS$_PARALLEL_METADATA
SYS,HS_BULKLOAD_VIEW_OBJ,SYS.HS_BULKLOAD_VIEW_OBJ
SYS,HS_PARTITION_COL_NAME,SYS.HS_PARTITION_COL_NAME
SYS,HS_PARTITION_COL_TYPE,SYS.HS_PARTITION_COL_TYPE
SYS,IMPDP_STATS,SYS.IMPDP_STATS
SYS,KU$NOEXP_TAB,SYS.KU$NOEXP_TAB
SYS,KU$XKTFBUE,SYS.KU$XKTFBUE
SYS,KU$_DATAPUMP_MASTER_10_1,SYS.KU$_DATAPUMP_MASTER_10_1
SYS,KU$_DATAPUMP_MASTER_11_1,SYS.KU$_DATAPUMP_MASTER_11_1
SYS,KU$_DATAPUMP_MASTER_11_1_0_7,SYS.KU$_DATAPUMP_MASTER_11_1_0_7
SYS,KU$_DATAPUMP_MASTER_11_2,SYS.KU$_DATAPUMP_MASTER_11_2
SYS,KU$_DATAPUMP_MASTER_12_0,SYS.KU$_DATAPUMP_MASTER_12_0
SYS,KU$_DATAPUMP_MASTER_12_2,SYS.KU$_DATAPUMP_MASTER_12_2
SYS,KU$_LIST_FILTER_TEMP,SYS.KU$_LIST_FILTER_TEMP
SYS,KU$_LIST_FILTER_TEMP_2,SYS.KU$_LIST_FILTER_TEMP_2
SYS,KU$_SHARD_DOMIDX_NAMEMAP,SYS.KU$_SHARD_DOMIDX_NAMEMAP
SYS,MODELGTTRAW$,SYS.MODELGTTRAW$
SYS,ODCI_PMO_ROWIDS$,SYS.ODCI_PMO_ROWIDS$
SYS,ODCI_SECOBJ$,SYS.ODCI_SECOBJ$
SYS,ODCI_WARNINGS$,SYS.ODCI_WARNINGS$
SYS,PLAN_TABLE$,SYS.PLAN_TABLE$
SYS,SCHEDULER_FILEWATCHER_QT,SYS.SCHEDULER_FILEWATCHER_QT
SYS,SPD_SCRATCH_TAB,SYS.SPD_SCRATCH_TAB
SYS,STMT_AUDIT_OPTION_MAP,SYS.STMT_AUDIT_OPTION_MAP
SYS,SYSTEM_PRIVILEGE_MAP,SYS.SYSTEM_PRIVILEGE_MAP
SYS,TABLE_PRIVILEGE_MAP,SYS.TABLE_PRIVILEGE_MAP
SYS,USER_PRIVILEGE_MAP,SYS.USER_PRIVILEGE_MAP
SYS,WRI$_ADV_ASA_RECO_DATA,SYS.WRI$_ADV_ASA_RECO_DATA
SYS,WRI$_HEATMAP_TOPN_DEP1,SYS.WRI$_HEATMAP_TOPN_DEP1
SYS,WRI$_HEATMAP_TOPN_DEP2,SYS.WRI$_HEATMAP_TOPN_DEP2
SYS,WRR$_REPLAY_CALL_FILTER,SYS.WRR$_REPLAY_CALL_FILTER
SYS,XS$VALIDATION_TABLE,SYS.XS$VALIDATION_TABLE
SYSTEM,AQ$_INTERNET_AGENTS,SYSTEM.AQ$_INTERNET_AGENTS
SYSTEM,AQ$_INTERNET_AGENT_PRIVS,SYSTEM.AQ$_INTERNET_AGENT_PRIVS
SYSTEM,AQ$_KEY_SHARD_MAP,SYSTEM.AQ$_KEY_SHARD_MAP
SYSTEM,AQ$_QUEUES,SYSTEM.AQ$_QUEUES
SYSTEM,AQ$_QUEUE_TABLES,SYSTEM.AQ$_QUEUE_TABLES
SYSTEM,AQ$_SCHEDULES,SYSTEM.AQ$_SCHEDULES
SYSTEM,HELP,SYSTEM.HELP
SYSTEM,LOGMNRC_CONCOL_GG,SYSTEM.LOGMNRC_CONCOL_GG
SYSTEM,LOGMNRC_CON_GG,SYSTEM.LOGMNRC_CON_GG
SYSTEM,LOGMNRC_DBNAME_UID_MAP,SYSTEM.LOGMNRC_DBNAME_UID_MAP
SYSTEM,LOGMNRC_GSBA,SYSTEM.LOGMNRC_GSBA
SYSTEM,LOGMNRC_GSII,SYSTEM.LOGMNRC_GSII
SYSTEM,LOGMNRC_GTCS,SYSTEM.LOGMNRC_GTCS
SYSTEM,LOGMNRC_GTLO,SYSTEM.LOGMNRC_GTLO
SYSTEM,LOGMNRC_INDCOL_GG,SYSTEM.LOGMNRC_INDCOL_GG
SYSTEM,LOGMNRC_IND_GG,SYSTEM.LOGMNRC_IND_GG
SYSTEM,LOGMNRC_SEQ_GG,SYSTEM.LOGMNRC_SEQ_GG
SYSTEM,LOGMNRC_SHARD_TS,SYSTEM.LOGMNRC_SHARD_TS
SYSTEM,LOGMNRC_TS,SYSTEM.LOGMNRC_TS
SYSTEM,LOGMNRC_TSPART,SYSTEM.LOGMNRC_TSPART
SYSTEM,LOGMNRC_USER,SYSTEM.LOGMNRC_USER
SYSTEM,LOGMNRGGC_GTCS,SYSTEM.LOGMNRGGC_GTCS
SYSTEM,LOGMNRGGC_GTLO,SYSTEM.LOGMNRGGC_GTLO
SYSTEM,LOGMNRP_CTAS_PART_MAP,SYSTEM.LOGMNRP_CTAS_PART_MAP
SYSTEM,LOGMNRT_MDDL$,SYSTEM.LOGMNRT_MDDL$
SYSTEM,LOGMNR_AGE_SPILL$,SYSTEM.LOGMNR_AGE_SPILL$
SYSTEM,LOGMNR_ATTRCOL$,SYSTEM.LOGMNR_ATTRCOL$
SYSTEM,LOGMNR_ATTRIBUTE$,SYSTEM.LOGMNR_ATTRIBUTE$
SYSTEM,LOGMNR_CCOL$,SYSTEM.LOGMNR_CCOL$
SYSTEM,LOGMNR_CDEF$,SYSTEM.LOGMNR_CDEF$
SYSTEM,LOGMNR_COL$,SYSTEM.LOGMNR_COL$
SYSTEM,LOGMNR_COLTYPE$,SYSTEM.LOGMNR_COLTYPE$
SYSTEM,LOGMNR_CON$,SYSTEM.LOGMNR_CON$
SYSTEM,LOGMNR_CONTAINER$,SYSTEM.LOGMNR_CONTAINER$
SYSTEM,LOGMNR_DICTIONARY$,SYSTEM.LOGMNR_DICTIONARY$
SYSTEM,LOGMNR_DICTSTATE$,SYSTEM.LOGMNR_DICTSTATE$
SYSTEM,LOGMNR_DID$,SYSTEM.LOGMNR_DID$
SYSTEM,LOGMNR_ENC$,SYSTEM.LOGMNR_ENC$
SYSTEM,LOGMNR_ERROR$,SYSTEM.LOGMNR_ERROR$
SYSTEM,LOGMNR_FILTER$,SYSTEM.LOGMNR_FILTER$
SYSTEM,LOGMNR_GLOBAL$,SYSTEM.LOGMNR_GLOBAL$
SYSTEM,LOGMNR_GT_TAB_INCLUDE$,SYSTEM.LOGMNR_GT_TAB_INCLUDE$
SYSTEM,LOGMNR_GT_USER_INCLUDE$,SYSTEM.LOGMNR_GT_USER_INCLUDE$
SYSTEM,LOGMNR_GT_XID_INCLUDE$,SYSTEM.LOGMNR_GT_XID_INCLUDE$
SYSTEM,LOGMNR_ICOL$,SYSTEM.LOGMNR_ICOL$
SYSTEM,LOGMNR_IDNSEQ$,SYSTEM.LOGMNR_IDNSEQ$
SYSTEM,LOGMNR_IND$,SYSTEM.LOGMNR_IND$
SYSTEM,LOGMNR_INDCOMPART$,SYSTEM.LOGMNR_INDCOMPART$
SYSTEM,LOGMNR_INDPART$,SYSTEM.LOGMNR_INDPART$
SYSTEM,LOGMNR_INDSUBPART$,SYSTEM.LOGMNR_INDSUBPART$
SYSTEM,LOGMNR_KOPM$,SYSTEM.LOGMNR_KOPM$
SYSTEM,LOGMNR_LOB$,SYSTEM.LOGMNR_LOB$
SYSTEM,LOGMNR_LOBFRAG$,SYSTEM.LOGMNR_LOBFRAG$
SYSTEM,LOGMNR_LOG$,SYSTEM.LOGMNR_LOG$
SYSTEM,LOGMNR_LOGMNR_BUILDLOG,SYSTEM.LOGMNR_LOGMNR_BUILDLOG
SYSTEM,LOGMNR_NTAB$,SYSTEM.LOGMNR_NTAB$
SYSTEM,LOGMNR_OBJ$,SYSTEM.LOGMNR_OBJ$
SYSTEM,LOGMNR_OPQTYPE$,SYSTEM.LOGMNR_OPQTYPE$
SYSTEM,LOGMNR_PARAMETER$,SYSTEM.LOGMNR_PARAMETER$
SYSTEM,LOGMNR_PARTOBJ$,SYSTEM.LOGMNR_PARTOBJ$
SYSTEM,LOGMNR_PDB_INFO$,SYSTEM.LOGMNR_PDB_INFO$
SYSTEM,LOGMNR_PROCESSED_LOG$,SYSTEM.LOGMNR_PROCESSED_LOG$
SYSTEM,LOGMNR_PROFILE_PLSQL_STATS$,SYSTEM.LOGMNR_PROFILE_PLSQL_STATS$
SYSTEM,LOGMNR_PROFILE_TABLE_STATS$,SYSTEM.LOGMNR_PROFILE_TABLE_STATS$
SYSTEM,LOGMNR_PROPS$,SYSTEM.LOGMNR_PROPS$
SYSTEM,LOGMNR_REFCON$,SYSTEM.LOGMNR_REFCON$
SYSTEM,LOGMNR_RESTART_CKPT$,SYSTEM.LOGMNR_RESTART_CKPT$
SYSTEM,LOGMNR_RESTART_CKPT_TXINFO$,SYSTEM.LOGMNR_RESTART_CKPT_TXINFO$
SYSTEM,LOGMNR_SEED$,SYSTEM.LOGMNR_SEED$
SYSTEM,LOGMNR_SESSION$,SYSTEM.LOGMNR_SESSION$
SYSTEM,LOGMNR_SESSION_ACTIONS$,SYSTEM.LOGMNR_SESSION_ACTIONS$
SYSTEM,LOGMNR_SESSION_EVOLVE$,SYSTEM.LOGMNR_SESSION_EVOLVE$
SYSTEM,LOGMNR_SHARD_TS,SYSTEM.LOGMNR_SHARD_TS
SYSTEM,LOGMNR_SPILL$,SYSTEM.LOGMNR_SPILL$
SYSTEM,LOGMNR_SUBCOLTYPE$,SYSTEM.LOGMNR_SUBCOLTYPE$
SYSTEM,LOGMNR_TAB$,SYSTEM.LOGMNR_TAB$
SYSTEM,LOGMNR_TABCOMPART$,SYSTEM.LOGMNR_TABCOMPART$
SYSTEM,LOGMNR_TABPART$,SYSTEM.LOGMNR_TABPART$
SYSTEM,LOGMNR_TABSUBPART$,SYSTEM.LOGMNR_TABSUBPART$
SYSTEM,LOGMNR_TS$,SYSTEM.LOGMNR_TS$
SYSTEM,LOGMNR_TYPE$,SYSTEM.LOGMNR_TYPE$
SYSTEM,LOGMNR_UID$,SYSTEM.LOGMNR_UID$
SYSTEM,LOGMNR_USER$,SYSTEM.LOGMNR_USER$
SYSTEM,LOGSTDBY$APPLY_MILESTONE,SYSTEM.LOGSTDBY$APPLY_MILESTONE
SYSTEM,LOGSTDBY$APPLY_PROGRESS,SYSTEM.LOGSTDBY$APPLY_PROGRESS
SYSTEM,LOGSTDBY$EDS_TABLES,SYSTEM.LOGSTDBY$EDS_TABLES
SYSTEM,LOGSTDBY$EVENTS,SYSTEM.LOGSTDBY$EVENTS
SYSTEM,LOGSTDBY$FLASHBACK_SCN,SYSTEM.LOGSTDBY$FLASHBACK_SCN
SYSTEM,LOGSTDBY$HISTORY,SYSTEM.LOGSTDBY$HISTORY
SYSTEM,LOGSTDBY$PARAMETERS,SYSTEM.LOGSTDBY$PARAMETERS
SYSTEM,LOGSTDBY$PLSQL,SYSTEM.LOGSTDBY$PLSQL
SYSTEM,LOGSTDBY$SCN,SYSTEM.LOGSTDBY$SCN
SYSTEM,LOGSTDBY$SKIP,SYSTEM.LOGSTDBY$SKIP
SYSTEM,LOGSTDBY$SKIP_SUPPORT,SYSTEM.LOGSTDBY$SKIP_SUPPORT
SYSTEM,LOGSTDBY$SKIP_TRANSACTION,SYSTEM.LOGSTDBY$SKIP_TRANSACTION
SYSTEM,MVIEW$_ADV_AJG,SYSTEM.MVIEW$_ADV_AJG
SYSTEM,MVIEW$_ADV_BASETABLE,SYSTEM.MVIEW$_ADV_BASETABLE
SYSTEM,MVIEW$_ADV_CLIQUE,SYSTEM.MVIEW$_ADV_CLIQUE
SYSTEM,MVIEW$_ADV_ELIGIBLE,SYSTEM.MVIEW$_ADV_ELIGIBLE
SYSTEM,MVIEW$_ADV_EXCEPTIONS,SYSTEM.MVIEW$_ADV_EXCEPTIONS
SYSTEM,MVIEW$_ADV_FILTER,SYSTEM.MVIEW$_ADV_FILTER
SYSTEM,MVIEW$_ADV_FILTERINSTANCE,SYSTEM.MVIEW$_ADV_FILTERINSTANCE
SYSTEM,MVIEW$_ADV_FJG,SYSTEM.MVIEW$_ADV_FJG
SYSTEM,MVIEW$_ADV_GC,SYSTEM.MVIEW$_ADV_GC
SYSTEM,MVIEW$_ADV_INFO,SYSTEM.MVIEW$_ADV_INFO
SYSTEM,MVIEW$_ADV_JOURNAL,SYSTEM.MVIEW$_ADV_JOURNAL
SYSTEM,MVIEW$_ADV_LEVEL,SYSTEM.MVIEW$_ADV_LEVEL
SYSTEM,MVIEW$_ADV_LOG,SYSTEM.MVIEW$_ADV_LOG
SYSTEM,MVIEW$_ADV_OUTPUT,SYSTEM.MVIEW$_ADV_OUTPUT
SYSTEM,MVIEW$_ADV_PARAMETERS,SYSTEM.MVIEW$_ADV_PARAMETERS
SYSTEM,MVIEW$_ADV_PLAN,SYSTEM.MVIEW$_ADV_PLAN
SYSTEM,MVIEW$_ADV_PRETTY,SYSTEM.MVIEW$_ADV_PRETTY
SYSTEM,MVIEW$_ADV_ROLLUP,SYSTEM.MVIEW$_ADV_ROLLUP
SYSTEM,MVIEW$_ADV_SQLDEPEND,SYSTEM.MVIEW$_ADV_SQLDEPEND
SYSTEM,MVIEW$_ADV_TEMP,SYSTEM.MVIEW$_ADV_TEMP
SYSTEM,MVIEW$_ADV_WORKLOAD,SYSTEM.MVIEW$_ADV_WORKLOAD
SYSTEM,OL$,SYSTEM.OL$
SYSTEM,OL$HINTS,SYSTEM.OL$HINTS
SYSTEM,OL$NODES,SYSTEM.OL$NODES
SYSTEM,REDO_DB,SYSTEM.REDO_DB
SYSTEM,REDO_LOG,SYSTEM.REDO_LOG
SYSTEM,ROLLING$CONNECTIONS,SYSTEM.ROLLING$CONNECTIONS
SYSTEM,ROLLING$DATABASES,SYSTEM.ROLLING$DATABASES
SYSTEM,ROLLING$DIRECTIVES,SYSTEM.ROLLING$DIRECTIVES
SYSTEM,ROLLING$EVENTS,SYSTEM.ROLLING$EVENTS
SYSTEM,ROLLING$PARAMETERS,SYSTEM.ROLLING$PARAMETERS
SYSTEM,ROLLING$PLAN,SYSTEM.ROLLING$PLAN
SYSTEM,ROLLING$STATISTICS,SYSTEM.ROLLING$STATISTICS
SYSTEM,ROLLING$STATUS,SYSTEM.ROLLING$STATUS
SYSTEM,SCHEDULER_JOB_ARGS_TBL,SYSTEM.SCHEDULER_JOB_ARGS_TBL
SYSTEM,SCHEDULER_PROGRAM_ARGS_TBL,SYSTEM.SCHEDULER_PROGRAM_ARGS_TBL
SYSTEM,SQLPLUS_PRODUCT_PROFILE,SYSTEM.SQLPLUS_PRODUCT_PROFILE
UBMAINT,ACCTLIST,UBMAINT.ACCTLIST
WMSYS,AQ$_WM$EVENT_QUEUE_TABLE_G,WMSYS.AQ$_WM$EVENT_QUEUE_TABLE_G
WMSYS,AQ$_WM$EVENT_QUEUE_TABLE_H,WMSYS.AQ$_WM$EVENT_QUEUE_TABLE_H
WMSYS,AQ$_WM$EVENT_QUEUE_TABLE_I,WMSYS.AQ$_WM$EVENT_QUEUE_TABLE_I
WMSYS,AQ$_WM$EVENT_QUEUE_TABLE_L,WMSYS.AQ$_WM$EVENT_QUEUE_TABLE_L
WMSYS,AQ$_WM$EVENT_QUEUE_TABLE_S,WMSYS.AQ$_WM$EVENT_QUEUE_TABLE_S
WMSYS,AQ$_WM$EVENT_QUEUE_TABLE_T,WMSYS.AQ$_WM$EVENT_QUEUE_TABLE_T
WMSYS,SYS_IOT_OVER_22783,WMSYS.SYS_IOT_OVER_22783
WMSYS,WM$BATCH_COMPRESSIBLE_TABLES$,WMSYS.WM$BATCH_COMPRESSIBLE_TABLES$
WMSYS,WM$CONSTRAINTS_TABLE$,WMSYS.WM$CONSTRAINTS_TABLE$
WMSYS,WM$CONS_COLUMNS$,WMSYS.WM$CONS_COLUMNS$
WMSYS,WM$ENV_VARS$,WMSYS.WM$ENV_VARS$
WMSYS,WM$EVENTS_INFO$,WMSYS.WM$EVENTS_INFO$
WMSYS,WM$EVENT_QUEUE_TABLE,WMSYS.WM$EVENT_QUEUE_TABLE
WMSYS,WM$EXP_MAP_TBL,WMSYS.WM$EXP_MAP_TBL
WMSYS,WM$HASH_TABLE$,WMSYS.WM$HASH_TABLE$
WMSYS,WM$HINT_TABLE$,WMSYS.WM$HINT_TABLE$
WMSYS,WM$LOCKROWS_INFO$,WMSYS.WM$LOCKROWS_INFO$
WMSYS,WM$METADATA_MAP_TBL,WMSYS.WM$METADATA_MAP_TBL
WMSYS,WM$MODIFIED_TABLES$,WMSYS.WM$MODIFIED_TABLES$
WMSYS,WM$MP_GRAPH_WORKSPACES_TABLE$,WMSYS.WM$MP_GRAPH_WORKSPACES_TABLE$
WMSYS,WM$MP_PARENT_WORKSPACES_TABLE$,WMSYS.WM$MP_PARENT_WORKSPACES_TABLE$
WMSYS,WM$MW_TABLE$,WMSYS.WM$MW_TABLE$
WMSYS,WM$NESTED_COLUMNS_TABLE$,WMSYS.WM$NESTED_COLUMNS_TABLE$
WMSYS,WM$NEXTVER_TABLE$,WMSYS.WM$NEXTVER_TABLE$
WMSYS,WM$RESOLVE_WORKSPACES_TABLE$,WMSYS.WM$RESOLVE_WORKSPACES_TABLE$
WMSYS,WM$RIC_LOCKING_TABLE$,WMSYS.WM$RIC_LOCKING_TABLE$
WMSYS,WM$RIC_TABLE$,WMSYS.WM$RIC_TABLE$
WMSYS,WM$RIC_TRIGGERS_TABLE$,WMSYS.WM$RIC_TRIGGERS_TABLE$
WMSYS,WM$SYSPARAM_ALL_VALUES$,WMSYS.WM$SYSPARAM_ALL_VALUES$
WMSYS,WM$UDTRIG_DISPATCH_PROCS$,WMSYS.WM$UDTRIG_DISPATCH_PROCS$
WMSYS,WM$UDTRIG_INFO$,WMSYS.WM$UDTRIG_INFO$
WMSYS,WM$VERSIONED_TABLES$,WMSYS.WM$VERSIONED_TABLES$
WMSYS,WM$VERSION_HIERARCHY_TABLE$,WMSYS.WM$VERSION_HIERARCHY_TABLE$
WMSYS,WM$VERSION_TABLE$,WMSYS.WM$VERSION_TABLE$
WMSYS,WM$VT_ERRORS_TABLE$,WMSYS.WM$VT_ERRORS_TABLE$
WMSYS,WM$WORKSPACES_TABLE$,WMSYS.WM$WORKSPACES_TABLE$
WMSYS,WM$WORKSPACE_PRIV_TABLE$,WMSYS.WM$WORKSPACE_PRIV_TABLE$
WMSYS,WM$WORKSPACE_SAVEPOINTS_TABLE$,WMSYS.WM$WORKSPACE_SAVEPOINTS_TABLE$
XDB,APP_ROLE_MEMBERSHIP,XDB.APP_ROLE_MEMBERSHIP
XDB,APP_USERS_AND_ROLES,XDB.APP_USERS_AND_ROLES
XDB,JSON$COLLECTION_METADATA,XDB.JSON$COLLECTION_METADATA
XDB,JSON$USERS,XDB.JSON$USERS
XDB,JSON$USER_CREDENTIALS,XDB.JSON$USER_CREDENTIALS
XDB,JSON$USER_ROLES,XDB.JSON$USER_ROLES
XDB,XDB$CDBPORTS,XDB.XDB$CDBPORTS
XDB,XDB$CHECKOUTS,XDB.XDB$CHECKOUTS
XDB,XDB$COLUMN_INFO,XDB.XDB$COLUMN_INFO
XDB,XDB$DBFS_VIRTUAL_FOLDER,XDB.XDB$DBFS_VIRTUAL_FOLDER
XDB,XDB$DXPTAB,XDB.XDB$DXPTAB
XDB,XDB$D_LINK,XDB.XDB$D_LINK
XDB,XDB$H_INDEX,XDB.XDB$H_INDEX
XDB,XDB$IMPORT_NM_INFO,XDB.XDB$IMPORT_NM_INFO
XDB,XDB$IMPORT_PT_INFO,XDB.XDB$IMPORT_PT_INFO
XDB,XDB$IMPORT_QN_INFO,XDB.XDB$IMPORT_QN_INFO
XDB,XDB$IMPORT_TT_INFO,XDB.XDB$IMPORT_TT_INFO
XDB,XDB$MOUNTS,XDB.XDB$MOUNTS
XDB,XDB$NONCEKEY,XDB.XDB$NONCEKEY
XDB,XDB$PATH_INDEX_PARAMS,XDB.XDB$PATH_INDEX_PARAMS
XDB,XDB$REPOS,XDB.XDB$REPOS
XDB,XDB$ROOT_INFO,XDB.XDB$ROOT_INFO
XDB,XDB$TSETMAP,XDB.XDB$TSETMAP
XDB,XDB$TTSET,XDB.XDB$TTSET
XDB,XDB$XDB_READY,XDB.XDB$XDB_READY
XDB,XDB$XIDX_IMP_T,XDB.XDB$XIDX_IMP_T
XDB,XDB$XIDX_PARAM_T,XDB.XDB$XIDX_PARAM_T
XDB,XDB$XIDX_PART_TAB,XDB.XDB$XIDX_PART_TAB
XDB,XDB$XTAB,XDB.XDB$XTAB
XDB,XDB$XTABCOLS,XDB.XDB$XTABCOLS
XDB,XDB$XTABNMSP,XDB.XDB$XTABNMSP
XDB,XDB_INDEX_DDL_CACHE,XDB.XDB_INDEX_DDL_CACHE
